{
  "summary" : "Alap interjú kérdések Java nyelvből - ömlesztve.",
  "title" : "Java Interview Questions",
  "authors" : [
    "Progmatic"
  ],
  "programming_language" : "JAVA",
  "language" : "en",
  "course_type" : "PyCharm",
  "items" : [
    {
      "title" : "basics",
      "task_list" : [
        {
          "choiceOptions" : [
            {
              "text" : "IGEEEEN!!!",
              "status" : "CORRECT"
            }
          ],
          "isMultipleChoice" : false,
          "name" : "intro",
          "files" : {
            "src/Main.java" : {
              "name" : "src/Main.java",
              "placeholders" : [ ],
              "is_visible" : true,
              "text" : "public class Main {\n   public static void main(String[] args) {\n      // Write your solution here\n   }\n}"
            }
          },
          "description_text" : "<html>\n\n<h2>Bevezető</h2>\n\n<p>\n    Ebben a leckében néhány elméleti kérdés található a Java programozási nyelvvel és annak\n    eszközeivel kapcsolatban.<br>\n    A kérdések nem rendszerezve, hanem ömlesztve vannak. Ez a kérdéssor hivatott tesztelni,\n    hogy mennyire tetszik nektek ez a fajta \"kvízelés\". :)<br><br>\n    A <span style=\"color:cornflowerblue\">Hint</span> részben a válaszok szerepelnek. Ezért\n    <strong>kérlek, ne olvasd el, mielőtt válaszolnál a kérdésekre!</strong> A helyes (vagy\n    akár helytelen) válaszadásod után azonban érdemes elolvasni a\n    <span style=\"color:cornflowerblue\">Hint</span>- eket, ugyanis találhatsz bennük új információt.\n    <br><br>\n    Elöljáróban ennyi. Mehet?\n</p>\n\n<div class=\"hint\">\n    A helyes válasz: <strong>IGEEEEN!!!</strong> ^^\n</div>\n\n</html>",
          "description_format" : "HTML",
          "feedback_link" : {
            "link_type" : "STEPIK"
          },
          "task_type" : "choice"
        },
        {
          "choiceOptions" : [
            {
              "text" : "alacsony szintű programozási nyelv",
              "status" : "INCORRECT"
            },
            {
              "text" : "platform-független",
              "status" : "CORRECT"
            },
            {
              "text" : "támogatja a mutatók (pointer-ek) használatát",
              "status" : "INCORRECT"
            },
            {
              "text" : "objektum-orientált",
              "status" : "CORRECT"
            },
            {
              "text" : "erősen típusos",
              "status" : "CORRECT"
            },
            {
              "text" : "fordított és értelmezett (compiled and interpreted)",
              "status" : "CORRECT"
            },
            {
              "text" : "nincsen (úgynevezett) entry, azaz \"belépő\" metódusa",
              "status" : "INCORRECT"
            }
          ],
          "isMultipleChoice" : true,
          "name" : "properties",
          "files" : {
            "src/Main.java" : {
              "name" : "src/Main.java",
              "placeholders" : [ ],
              "is_visible" : true,
              "text" : "public class Main {\n   public static void main(String[] args) {\n      // Write your solution here\n   }\n}"
            }
          },
          "description_text" : "<html>\n\n<h2>Java tulajdonságai</h2>\n\n<p>\n    Mi igaz a Java programozási nyelvre? (Több válasz is lehetséges.)<br><br>\n    <i>Ne olvasd el a <span style=\"color:cornflowerblue\">Hint</span> részt rögtön,\n    először magadtól próbálj meg válaszolni! A válaszadás után azonban érdemes elolvasnod.</i>\n</p>\n\n<div class=\"hint\">\n    A Java <strong>platform-független</strong>, <strong>objektum-orientált</strong> és\n    <strong>erősen típusos</strong>, <strong>magas szintű</strong> programozási nyelv.\n    A programkódot a JVM értelmezi, fordítja és futtatja. (Azaz igaz, hogy\n    <strong>\"compiled and interpreted\"</strong>.)<br><br>\n    A <strong>mutatók (pointer-ek)</strong> a memóriacím tárolására szolgáló változók, amelyek használatát a Java\n    <strong>nem</strong> támogatja.<br>\n    Úgynevezett <strong>entry</strong>, azaz \"belépő\" metódus sok programozási nyelvben van, például a Java-ban\n    is: ez a híres-neves <code>main()</code> metódus.\n</div>\n\n</html>",
          "description_format" : "HTML",
          "feedback_link" : {
            "link_type" : "STEPIK"
          },
          "task_type" : "choice"
        },
        {
          "choiceOptions" : [
            {
              "text" : "telepített IDE-re",
              "status" : "INCORRECT"
            },
            {
              "text" : "telepített JRE-re",
              "status" : "CORRECT"
            },
            {
              "text" : "telepített JDK-ra",
              "status" : "INCORRECT"
            },
            {
              "text" : "telepített JVM-re",
              "status" : "INCORRECT"
            }
          ],
          "isMultipleChoice" : false,
          "name" : "running",
          "files" : {
            "src/Main.java" : {
              "name" : "src/Main.java",
              "placeholders" : [ ],
              "is_visible" : true,
              "text" : "public class Main {\n   public static void main(String[] args) {\n      // Write your solution here\n   }\n}"
            }
          },
          "description_text" : "<html>\n\n<h2>Java program futtatása</h2>\n\n<p>\n    Mire van szükség ahhoz, hogy egy Java-ban írt alkalmazást futtassunk a\n    számítógépünkön? (A telepítést leszámítva, természetesen.)<br><br>\n    <i>Ne olvasd el a <span style=\"color:cornflowerblue\">Hint</span> részt rögtön,\n        először magadtól próbálj meg válaszolni! A válaszadás után azonban érdemes elolvasnod.</i>\n</p>\n\n<div class=\"hint\">\n    Csupán egy telepített <strong>JRE</strong>-re van szükgés (Java Runtime Environment).<br>\n    A JRE tartalmazza a Java-kód futtatásához szükséges könyvtárakat, és létrehozza a JVM-et,\n    amelyen a program képes futni.<br><br>\n    A JRE maga platform-függő: tehát az operációs rendszer függvénye, hogy melyik verzióját\n    lehet telepíteni. Azonban a JRE-nek köszönhetően a Java-programok platform-függetlenek.\n</div>\n\n</html>",
          "description_format" : "HTML",
          "feedback_link" : {
            "link_type" : "STEPIK"
          },
          "task_type" : "choice"
        },
        {
          "choiceOptions" : [
            {
              "text" : "az IDE-ben a \"Run\" paranccsal",
              "status" : "INCORRECT"
            },
            {
              "text" : "a fájl megnyitásával",
              "status" : "INCORRECT"
            },
            {
              "text" : "konzolban a \"java -jar &#60;project_name&#62;\" utasítással",
              "status" : "CORRECT"
            },
            {
              "text" : "konzolban a \"run &#60;file_name.jar&#62;\" utasítással",
              "status" : "INCORRECT"
            }
          ],
          "isMultipleChoice" : false,
          "name" : "running2",
          "files" : {
            "src/Main.java" : {
              "name" : "src/Main.java",
              "placeholders" : [ ],
              "is_visible" : true,
              "text" : "public class Main {\n   public static void main(String[] args) {\n      // Write your solution here\n   }\n}"
            }
          },
          "description_text" : "<html>\n\n<h2>jar futtatása</h2>\n\n<p>\n    Hogyan futtatsz egy jar kiterjesztésű fájlt?<br><br>\n    <i>Ne olvasd el a <span style=\"color:cornflowerblue\">Hint</span> részt rögtön,\n        először magadtól próbálj meg válaszolni! A válaszadás után azonban érdemes elolvasnod.</i>\n</p>\n\n<div class=\"hint\">\n    A jar kiterjesztésű fájlokat a konzolban (vagy terminálban vagy parancssorban)\n    a következő utasítással lehet futtatni:<br><br>\n    <strong>java -jar &#60;project_name&#62; &#60;args&#62;</strong>\n</div>\n\n</html>",
          "description_format" : "HTML",
          "feedback_link" : {
            "link_type" : "STEPIK"
          },
          "task_type" : "choice"
        },
        {
          "choiceOptions" : [
            {
              "text" : "bináris kód, amelyet a számítógép processzor képes futtatni",
              "status" : "INCORRECT"
            },
            {
              "text" : "a Java-programkódból generált gépi kód",
              "status" : "CORRECT"
            },
            {
              "text" : "a számítógépek processzora által értelmezett kód",
              "status" : "INCORRECT"
            },
            {
              "text" : "a Java-programkód futás közbeni változata",
              "status" : "INCORRECT"
            }
          ],
          "isMultipleChoice" : false,
          "name" : "byteCode",
          "files" : {
            "src/Main.java" : {
              "name" : "src/Main.java",
              "placeholders" : [ ],
              "is_visible" : true,
              "text" : "public class Main {\n   public static void main(String[] args) {\n      // Write your solution here\n   }\n}"
            }
          },
          "description_text" : "<html>\n\n<h2>Java bytecode</h2>\n\n<p>\n    Mi a bytecode?<br><br>\n    <i>Ne olvasd el a <span style=\"color:cornflowerblue\">Hint</span> részt rögtön,\n        először magadtól próbálj meg válaszolni! A válaszadás után azonban érdemes elolvasnod.</i>\n</p>\n\n<div class=\"hint\">\n    A <strong>bytecode</strong> egy gépi kód, amelyet a fordító generál a Java programkódból.\n    Ezt a gépi kódot a JVM képes futtatni.<br><br>\n    Részletes leírás található a <a href=\"https://www.javatpoint.com/java-bytecode\">JavaTPoint</a>\n    oldalán.\n</div>\n\n</html>",
          "description_format" : "HTML",
          "feedback_link" : {
            "link_type" : "STEPIK"
          },
          "task_type" : "choice"
        },
        {
          "choiceOptions" : [
            {
              "text" : "egy olyan változó, amely a programkódban leírt konstansokra mutat",
              "status" : "INCORRECT"
            },
            {
              "text" : "egy olyan változó, amely memóriacímet tárol",
              "status" : "CORRECT"
            },
            {
              "text" : "egy olyan speciális metódus, amely memóriacímeket kezel",
              "status" : "INCORRECT"
            },
            {
              "text" : "egy olyan speciális metódus, amely a programkódban leírt konstansokra mutat",
              "status" : "INCORRECT"
            }
          ],
          "isMultipleChoice" : false,
          "name" : "pointer1",
          "files" : {
            "src/Main.java" : {
              "name" : "src/Main.java",
              "placeholders" : [ ],
              "is_visible" : true,
              "text" : "public class Main {\n   public static void main(String[] args) {\n      // Write your solution here\n   }\n}"
            }
          },
          "description_text" : "<html>\n\n<h2>Pointer (mutató)</h2>\n\n<p>\n    Mi a <strong>pointer</strong>?<br><br>\n    <i>Ne olvasd el a <span style=\"color:cornflowerblue\">Hint</span> részt rögtön,\n        először magadtól próbálj meg válaszolni! A válaszadás után azonban érdemes elolvasnod.</i>\n</p>\n\n<div class=\"hint\">\n    A <strong>pointer</strong> egy olyan változó, amely memóriacímet tárol.<br>\n    A használatával kezelhető a memóriaterület, illetve az azon lévő adat.\n</div>\n\n</html>",
          "description_format" : "HTML",
          "feedback_link" : {
            "link_type" : "STEPIK"
          },
          "task_type" : "choice"
        },
        {
          "choiceOptions" : [
            {
              "text" : "sehogyan",
              "status" : "CORRECT"
            },
            {
              "text" : "pointer típusú változóként létrehozva",
              "status" : "INCORRECT"
            },
            {
              "text" : "konstansként létrehozva",
              "status" : "INCORRECT"
            },
            {
              "text" : "a System.getPointerOf() metódus használatával",
              "status" : "INCORRECT"
            },
            {
              "text" : "speciális metódus implementálásával",
              "status" : "INCORRECT"
            }
          ],
          "isMultipleChoice" : false,
          "name" : "pointer2",
          "files" : {
            "src/Main.java" : {
              "name" : "src/Main.java",
              "placeholders" : [ ],
              "is_visible" : true,
              "text" : "public class Main {\n   public static void main(String[] args) {\n      // Write your solution here\n   }\n}"
            }
          },
          "description_text" : "<html>\n\n<h2>Pointer (mutató)</h2>\n\n<p>\n    Hogyan használhatóak a <strong>pointer-ek</strong> a Java-ban?<br><br>\n    <i>Ne olvasd el a <span style=\"color:cornflowerblue\">Hint</span> részt rögtön,\n        először magadtól próbálj meg válaszolni! A válaszadás után azonban érdemes elolvasnod.</i>\n</p>\n\n<div class=\"hint\">\n    Sehogyan, ugyanis a nyelv nem támogatja a pointer-ek használatát.<br>\n    Ennek főleg biztonsági okai vannak, ugyanis a pointerek jelenléte növeli a program\n    támadhatóságát, azonban a programkód megírásának egyszerűsítése miatt\n    sem használhatóak pointer-ek\n    a Java-ban.\n</div>\n\n</html>",
          "description_format" : "HTML",
          "feedback_link" : {
            "link_type" : "STEPIK"
          },
          "task_type" : "choice"
        },
        {
          "choiceOptions" : [
            {
              "text" : "az equals() az Object osztályban lévő abstract metódus",
              "status" : "INCORRECT"
            },
            {
              "text" : "az equals() az Object osztályban megvalósított metódus",
              "status" : "CORRECT"
            },
            {
              "text" : "az == egy bináris operátor",
              "status" : "CORRECT"
            },
            {
              "text" : "az == egy logikai operátor",
              "status" : "INCORRECT"
            },
            {
              "text" : "az equals() két objektum referencia-címét hasonlítja össze (azaz hogy a változók ugyanarra a memóriaterületre mutatnak-e)",
              "status" : "INCORRECT"
            },
            {
              "text" : "az equals() két objektum értékét hasonlítja össze",
              "status" : "CORRECT"
            },
            {
              "text" : "az == operátor a változók értékét vizsgálja",
              "status" : "INCORRECT"
            },
            {
              "text" : "az == operátor a változók referencia-címét hasonlítja össze (azaz hogy a változók ugyanarra a memóriaterületre mutatnak-e)",
              "status" : "CORRECT"
            }
          ],
          "isMultipleChoice" : true,
          "name" : "comparing",
          "files" : {
            "src/Main.java" : {
              "name" : "src/Main.java",
              "placeholders" : [ ],
              "is_visible" : true,
              "text" : "public class Main {\n   public static void main(String[] args) {\n      // Write your solution here\n   }\n}"
            }
          },
          "description_text" : "<html>\n\n<h2>== VS equals()</h2>\n\n<p>\n    Melyik állítás igaz az alábbiak közül?<br><br>\n    <i>Ne olvasd el a <span style=\"color:cornflowerblue\">Hint</span> részt rögtön,\n        először magadtól próbálj meg válaszolni! A válaszadás után azonban érdemes elolvasnod.</i>\n</p>\n\n<div class=\"hint\">\n    Az <code>equals()</code> metódus az Object osztályban megvalósított metódus, amelyet minden más\n    Java osztály megörököl. (Az <strong>Object</strong> az objektumok ősosztálya, ugyebár.) Ez a\n    metódus két objektum értékét hasonlítja össze, és nem vizsgálja, hogy a memóriában hol\n    tárolódnak azok az objektumok.<br>\n    Az <code>==</code> egy bináris operátor, amely a változók referencia-címét hasonlítja össze.\n    Tehát <strong>nem vizsgálja</strong> a változók értékét - ő csak és kizárólag azt nézi,\n    hogy a változók mely memóriacímen helyezkednek el.\n</div>\n\n</html>",
          "description_format" : "HTML",
          "feedback_link" : {
            "link_type" : "STEPIK"
          },
          "task_type" : "choice"
        },
        {
          "choiceOptions" : [
            {
              "text" : "1",
              "status" : "INCORRECT"
            },
            {
              "text" : "2",
              "status" : "CORRECT"
            },
            {
              "text" : "3",
              "status" : "INCORRECT"
            }
          ],
          "isMultipleChoice" : false,
          "name" : "stringObjects1",
          "files" : {
            "src/Main.java" : {
              "name" : "src/Main.java",
              "placeholders" : [ ],
              "is_visible" : true,
              "text" : "public class Main {\n\n   public static void main(String[] args) {\n      String s1 = \"kiscica\";\n      String s2 = new String(\"kiscica\");\n      String s3 = \"kiscica\";\n   }\n\n}"
            }
          },
          "description_text" : "<html>\n\n<h2>String objektumok</h2>\n\n<p>\n    Nézd meg a <code>main()</code> metódusba írt kódot!<br><br>\n    Hány String objektum jön létre a memóriában, ha futtatjuk a kódot?<br><br>\n    <i>Ne olvasd el a <span style=\"color:cornflowerblue\">Hint</span> részt rögtön,\n        először magadtól próbálj meg válaszolni! A válaszadás után azonban érdemes elolvasnod.</i>\n</p>\n\n<div class=\"hint\">\n    A <code>String</code> objektumokból <strong><i>általában</i></strong> egy darab objektum jön létre\n    a memóriában, és a kódban leírt <code>String</code> változó erre az objektumra mutat. Ha két <code>\n    String</code> típusú változónak ugyanaz az értéke (például <i>\"kiscica\"</i>), akkor a memóriában\n    <strong>csak egy objektum jön létre</strong>, amelyre a két változó mutatni fog.<br>\n    Kivéve akkor, ha a <code>String</code>-et a <code>new</code> kulcsszóval hozzuk létre. Ekkor ugyanis\n    mindenképpen létrejön egy objektum a memóriában - függetlenül attól, hogy van-e már ugyanolyan értékű\n    vagy sem.<br>\n    Tehát a helyes válasz, hogy <strong>2 objektum jön létre</strong>: egy akkor, amikor az\n    <code>s1</code> nevű változót létrehozzuk; egy másik pedig akkor, amikor az <code>s2</code>-t hozzuk\n    létre.\n</div>\n\n</html>",
          "description_format" : "HTML",
          "feedback_link" : {
            "link_type" : "STEPIK"
          },
          "task_type" : "choice"
        },
        {
          "choiceOptions" : [
            {
              "text" : "first",
              "status" : "INCORRECT"
            },
            {
              "text" : "second",
              "status" : "CORRECT"
            },
            {
              "text" : "third",
              "status" : "CORRECT"
            },
            {
              "text" : "fourth",
              "status" : "CORRECT"
            }
          ],
          "isMultipleChoice" : true,
          "name" : "stringObjects2",
          "files" : {
            "src/Main.java" : {
              "name" : "src/Main.java",
              "placeholders" : [ ],
              "is_visible" : true,
              "text" : "public class Main {\n\n   public static void main(String[] args) {\n      String s1 = \"kiscica\";\n      String s2 = new String(\"kiscica\");\n      String s3 = \"kiscica\";\n\n      boolean first = s1 == s2;\n      boolean second = s1.equals(s2);\n      boolean third = s1 == s3;\n      boolean fourth = s1.equals(s3);\n   }\n\n}"
            }
          },
          "description_text" : "<html>\n\n<h2>String objektumok</h2>\n\n<p>\n    Nézd meg a <code>main()</code> metódusba írt kódot! (Csak olvasd, kérlek!)<br><br>\n    Melyik <code>boolean</code> típusú változó értéke lesz <strong>igaz</strong>?<br><br>\n    <i>Ne olvasd el a <span style=\"color:cornflowerblue\">Hint</span> részt rögtön,\n        először magadtól próbálj meg válaszolni! A válaszadás után azonban érdemes elolvasnod.</i>\n</p>\n\n<div class=\"hint\">\n    Csak és kizárólag a <code>first</code> lesz <strong>hamis</strong> - az összes többi igaz.<br>\n    Az <code>==</code> operátor azt nézi, hogy a két változó ugyanarra a memóriacímre mutat-e\n    a memóriában. Az <code>equals()</code> metódus azonban a változók értékét hasonlítja össze.<br>\n    Az <code>s1</code> nevű változó létrehozza a <code>\"kiscica\"</code> értékű objektumot a memóriában,\n    és ő erre az objektumra fog mutatni. Az <code>s3</code> nevű változó már nem hoz létre új objektumot -\n    hiszen az <code>s1</code> ezt már megtette - tehát <code>s3</code> csak annyit tesz, hogy ugyanarra\n    az objektumra mutat, amit <code>s1</code> már létrehozott.<br>\n    Más a helyzet <code>s2</code>-vel. Ő ugyanis <code>s1</code>-től és <code>s3</code>-tól függetlenül\n    <strong>létrehoz egy új \"kiscica\"-objektumot a memóriában</strong> (más területen, mint ahol <code>\n    s1</code> tette), és ő erre az általa létrehozott objektumra fog mutatni.<br>\n    Ezért történhet meg az, hogy az <code>==</code> operátor hamis értéket ad, amikor <code>s1</code>-et\n    és <code>s2</code>-t hasonlítjuk össze - hiszen más-más memóriacímre mutatnak. Viszont az <code>equals()</code>\n    az értéket hasonlítja össze - tehát az <code>s1.equals(s2)</code> igazat ad, elvégre mindkét változó értéke\n    <strong>\"kiscica\"</strong>.<br><br>\n    A <code>System.identityHashCode(s1)</code> visszaadja <code>s1</code> egyedi azonosítóját. Próbáld ki,\n    hogy kiíratod mindhárom <code>String</code> változó azonosítóját. Látni fogod, hogy <code>s1</code> és\n    <code>s3</code> azonosítója megegyezik, <code>s2</code>-é viszont teljesen más.\n</div>\n\n</html>",
          "description_format" : "HTML",
          "feedback_link" : {
            "link_type" : "STEPIK"
          },
          "task_type" : "choice"
        },
        {
          "choiceOptions" : [
            {
              "text" : "egy speciális processzorterület a String műveletek elvégzésére",
              "status" : "INCORRECT"
            },
            {
              "text" : "egy speciális memóriaterület a String-eket is tartalmazó objektumok tárolására",
              "status" : "INCORRECT"
            },
            {
              "text" : "egy speciális processzorterület a String-ek metódusainak kezelésére",
              "status" : "INCORRECT"
            },
            {
              "text" : "egy speciális memóriaterület a String objektumok tárolására",
              "status" : "CORRECT"
            }
          ],
          "isMultipleChoice" : false,
          "name" : "stringObjects3",
          "files" : {
            "src/Main.java" : {
              "name" : "src/Main.java",
              "placeholders" : [ ],
              "is_visible" : true,
              "text" : "public class Main {\n   public static void main(String[] args) {\n      // Write your solution here\n   }\n}"
            }
          },
          "description_text" : "<html>\n\n<h2>String pool</h2>\n\n<p>\n    Mi a <strong>String pool</strong>?<br><br>\n    <i>Ne olvasd el a <span style=\"color:cornflowerblue\">Hint</span> részt rögtön,\n        először magadtól próbálj meg válaszolni! A válaszadás után azonban érdemes elolvasnod.</i>\n</p>\n\n<div class=\"hint\">\n    A <strong>String pool</strong> egy speciális memóriaterület, amelyet a JVM fenntart a\n    <code>String</code> objektumok tárolására. A pool-ban akkor jön létre új <code>String</code>\n    objektum, amennyiben még nincs olyan értékű objektum ott. De ha már létezik olyan értékű\n    objektum, akkor nem jön létre új.<br>\n    <i>Tehát ha én két <code>String</code>-et hozok létre, és mindkettőnek az értéke az,\n    hogy \"Hello, World!\" - akkor a pool-ban csak egy \"Hello, World!\" értékű objektum\n    jön létre.</i><br><br>\n    Megjegyzés: A <strong>String pool</strong> az úgynevezett <strong>Heap</strong> memóriaterületen\n    belül található, azonban attól független, elkerített memóriaterület. Továbbá csak és kizárólag\n    <code>String</code> objektumokat tárol, más típusúakat nem.\n</div>\n\n</html>",
          "description_format" : "HTML",
          "feedback_link" : {
            "link_type" : "STEPIK"
          },
          "task_type" : "choice"
        },
        {
          "choiceOptions" : [
            {
              "text" : "clone()",
              "status" : "CORRECT"
            },
            {
              "text" : "reverse()",
              "status" : "INCORRECT"
            },
            {
              "text" : "compareTo()",
              "status" : "INCORRECT"
            },
            {
              "text" : "toString()",
              "status" : "CORRECT"
            },
            {
              "text" : "intern()",
              "status" : "INCORRECT"
            },
            {
              "text" : "equals()",
              "status" : "CORRECT"
            },
            {
              "text" : "hashCode()",
              "status" : "CORRECT"
            },
            {
              "text" : "next()",
              "status" : "INCORRECT"
            }
          ],
          "isMultipleChoice" : true,
          "name" : "classObject",
          "files" : {
            "src/Main.java" : {
              "name" : "src/Main.java",
              "placeholders" : [ ],
              "is_visible" : true,
              "text" : "public class Main {\n   public static void main(String[] args) {\n      // Write your solution here\n   }\n}"
            }
          },
          "description_text" : "<html>\n\n<h2>java.lang.Object</h2>\n\n<p>\n    Mely metódusokat valósítja meg az Object osztály?\n    <br><br>\n    <i>Ne olvasd el a <span style=\"color:cornflowerblue\">Hint</span> részt rögtön,\n        először magadtól próbálj meg válaszolni! A válaszadás után azonban érdemes elolvasnod.</i>\n</p>\n\n<div class=\"hint\">\n    A <strong>clone()</strong>, a <strong>toString()</strong>, az <strong>equals()</strong> és a\n    <strong>hashCode()</strong> metódusokat.<br>\n    A többi felsorolt metódus más-más osztályokban találatóak (pl. a <strong>String</strong>-\n    ben.<br><br>\n    Lásd a <a href=\"https://docs.oracle.com/javase/7/docs/api/java/lang/Object.html\">\n    Dokumentációt</a>.\n</div>\n\n</html>",
          "description_format" : "HTML",
          "feedback_link" : {
            "link_type" : "STEPIK"
          },
          "task_type" : "choice"
        },
        {
          "choiceOptions" : [
            {
              "text" : "Egy speciális osztály, amely általában absztrakt metódusokat tartalmaz. Az interface sablonként szolgálhat más osztályok számára.",
              "status" : "CORRECT"
            },
            {
              "text" : "Egy speciális osztály, amely más osztályok metódusait valósítja meg. Az interface könnyebbé teszi az örökítést.",
              "status" : "INCORRECT"
            },
            {
              "text" : "Egy speciális osztály, amely csak megvalósított metódusokat tartalmaz. Az interface könnyebbé teszi az örökítést.",
              "status" : "INCORRECT"
            },
            {
              "text" : "Egy speciális osztály, amely általában absztrakt metódusokat tartalmaz. Az interface örökíthető.",
              "status" : "INCORRECT"
            }
          ],
          "isMultipleChoice" : false,
          "name" : "interface1",
          "files" : {
            "src/Main.java" : {
              "name" : "src/Main.java",
              "placeholders" : [ ],
              "is_visible" : true,
              "text" : "public class Main {\n   public static void main(String[] args) {\n      // Write your solution here\n   }\n}"
            }
          },
          "description_text" : "<html>\n\n<h2>Interface meghatározása</h2>\n\n<p>\n    Mi az interface?<br><br>\n    <i>Ne olvasd el a <span style=\"color:cornflowerblue\">Hint</span> részt rögtön,\n        először magadtól próbálj meg válaszolni! A válaszadás után azonban érdemes elolvasnod.</i>\n</p>\n\n<div class=\"hint\">\n    Java-ban az <strong>interface</strong> egy speciális osztály, amely (általában) absztrakt\n    metódusokat tartalmaz. Az interface (úgymond) sablonként szolgál más osztályok számára -\n    a benne leírt metódusokat az őt implementáló osztályok kötelesek megvalósítani.<br>\n    Egy interface azért lehet hasznos, mert a használatával és implementálásával nem felejtük\n    el megvalósítani azokat a metódusokat, amelyekre feltétlen szükségünk van az osztályokban.\n    Továbbá lehetőséget biztosítunk arra, hogy az osztályaink más osztályból öröklődjenek.\n    (Mert egy osztály akárhány interface-t implementálhat, de csak egy osztályból örökölhet -\n    ugyebár.)\n</div>\n\n</html>",
          "description_format" : "HTML",
          "feedback_link" : {
            "link_type" : "STEPIK"
          },
          "task_type" : "choice"
        },
        {
          "choiceOptions" : [
            {
              "text" : "nem",
              "status" : "INCORRECT"
            },
            {
              "text" : "igen",
              "status" : "CORRECT"
            }
          ],
          "isMultipleChoice" : false,
          "name" : "interface2",
          "files" : {
            "src/Main.java" : {
              "name" : "src/Main.java",
              "placeholders" : [ ],
              "is_visible" : true,
              "text" : "public class Main {\n   public static void main(String[] args) {\n      // Write your solution here\n   }\n}"
            }
          },
          "description_text" : "<html>\n\n<h2>Interface példányosítása</h2>\n\n<p>\n    Példányosítható egy interface?<br><br>\n    <i>Ne olvasd el a <span style=\"color:cornflowerblue\">Hint</span> részt rögtön,\n        először magadtól próbálj meg válaszolni! A válaszadás után azonban érdemes elolvasnod.</i>\n</p>\n\n<div class=\"hint\">\n    Való igaz, hogy általában nem szokás interface-t példányosítani, azonban voltaképpen lehet.<br>\n    Interface példányosításakor viszont kötelező megvalósítanunk az interface összes absztrakt\n    metódusát.<br><br>\n    Például az alábbi sor elfogadható:<br>\n    <code>List&#60;String&#62; myList = new List<>();</code><br>\n    Csupán ezután meg kell valósítanunk a <code>List</code> interface összes absztrakt metódusát.\n</div>\n\n</html>",
          "description_format" : "HTML",
          "feedback_link" : {
            "link_type" : "STEPIK"
          },
          "task_type" : "choice"
        },
        {
          "choiceOptions" : [
            {
              "text" : "inner class",
              "status" : "INCORRECT"
            },
            {
              "text" : "anonym inner class",
              "status" : "CORRECT"
            },
            {
              "text" : "nested class",
              "status" : "INCORRECT"
            },
            {
              "text" : "implemented class",
              "status" : "INCORRECT"
            }
          ],
          "isMultipleChoice" : false,
          "name" : "code",
          "files" : {
            "src/Main.java" : {
              "name" : "src/Main.java",
              "placeholders" : [ ],
              "is_visible" : true,
              "text" : "public class Main {\n\n   public static void main(String[] args) {\n      MyInterface first = new MyClass();\n      String firstMsg = first.welcomeMessage(\"Pistike\");\n\n      MyInterface second = new MyInterface() {\n         @Override\n         public String welcomeMessage(String name) {\n            return \"Hey, \" + name + \", welcome to Hell!\";\n         }\n      };\n      String secondMsg = second.welcomeMessage(\"Pistike\");\n   }\n\n}"
            },
            "src/MyInterface.java" : {
              "name" : "src/MyInterface.java",
              "placeholders" : [ ],
              "is_visible" : true,
              "text" : "public interface MyInterface {\n\n    String welcomeMessage(String name);\n\n}\n"
            },
            "src/MyClass.java" : {
              "name" : "src/MyClass.java",
              "placeholders" : [ ],
              "is_visible" : true,
              "text" : "public class MyClass implements MyInterface {\n\n    @Override\n    public String welcomeMessage(String name) {\n        return \"Hello, \" + name + \"!\";\n    }\n\n}\n"
            }
          },
          "description_text" : "<html>\n\n<h2>Kódértelmezés</h2>\n\n<p>\n    Nézd meg a feladathoz tartozó osztályokat!<br><br>\n    Hogyan nevezik azt a \"jelenséget\", amely a <code>Main</code> osztály 7-12 sorában olvasható?\n    <br><br>\n    <i>Ne olvasd el a <span style=\"color:cornflowerblue\">Hint</span> részt rögtön,\n        először magadtól próbálj meg válaszolni! A válaszadás után azonban érdemes elolvasnod.</i>\n</p>\n\n<div class=\"hint\">\n    A <code>Main</code> osztály 7-12 sorában az történik, hogy a <code>MyInterface</code>\n    nevű interface valósul meg anélkül, hogy külön osztályt hoznánk létre hozzá. Ez az úgynevezett\n    <strong>anonym inner class</strong>. Ez akkor használatos, ha például egy interface-t\n    csak egyetlen egyszer szeretnénk használni, és nincs értelme külön osztályban megvalósítani\n    az interface absztrakt metódusait.<br><br>\n    <i>Megjegyzés: jelen esetben <strong>lambda-kifejezés</strong> is használható lenne.</i>\n</div>\n\n</html>",
          "description_format" : "HTML",
          "feedback_link" : {
            "link_type" : "STEPIK"
          },
          "task_type" : "choice"
        },
        {
          "choiceOptions" : [
            {
              "text" : "igen",
              "status" : "CORRECT"
            },
            {
              "text" : "nem",
              "status" : "INCORRECT"
            }
          ],
          "isMultipleChoice" : false,
          "name" : "enums",
          "files" : {
            "src/Gender.java" : {
              "name" : "src/Gender.java",
              "placeholders" : [ ],
              "is_visible" : true,
              "text" : "public enum Gender {\n\n   MAN,\n   WOMAN,\n   SNAIL\n\n}"
            }
          },
          "description_text" : "<html>\n\n<h2>Enum használata</h2>\n\n<p>\n    Lehet egy enum-nak metódusa?<br><br>\n    Nézd meg a mellékelt kódot! A kérdés az, hogy írhatok-e a MAN, a WOMAN és a SNAIL enumokhoz\n    tartozó metódusokat?<br><br>\n    <i>Ne olvasd el a <span style=\"color:cornflowerblue\">Hint</span> részt rögtön,\n        először magadtól próbálj meg válaszolni! A válaszadás után azonban érdemes elolvasnod.</i>\n</p>\n\n<div class=\"hint\">\n    Talán furcsán hangzik, de a válasz: <strong>igen</strong>. Egy enum-hoz tartozhat akár több\n    metódus is, amelyek enumonként mást-mást csinálhatnak - úgymond.<br>\n    Erre példa: <a href=\"https://github.com/ria55/FunWithEnums\">Ria GitHub-os repója</a>, ahol\n    öröklődéssel és enumokkal is meg lett valósítva ugyanaz a funkció - lényegében.\n</div>\n\n</html>",
          "description_format" : "HTML",
          "feedback_link" : {
            "link_type" : "STEPIK"
          },
          "task_type" : "choice"
        }
      ],
      "type" : "lesson"
    }
  ],
  "additional_files" : [
    {
      "name" : "build.gradle",
      "placeholders" : [ ],
      "is_visible" : true,
      "text" : "buildscript {\n    repositories {\n        mavenCentral()\n    }\n}\n\ndef printOutput(def output) {\n    return tasks.create(\"printOutput\") {\n        println \"#educational_plugin_checker_version 1\"\n        def separator = System.lineSeparator()\n        def lines = output.toString().split(\"(?<=${separator})|(?=${separator})\")\n        for (line in lines) {\n            println \"#educational_plugin\" + line\n        }\n    }\n}\n\nsubprojects {\n    apply plugin: 'application'\n    apply plugin: 'java'\n\n    sourceCompatibility = 1.8\n\n    repositories {\n        mavenCentral()\n    }\n\n    dependencies {\n        testImplementation group: 'junit', name: 'junit', version: '4.12'\n    }\n\n    sourceSets {\n        main {\n            java.srcDir 'src'\n        }\n        test {\n            java.srcDir 'test'\n        }\n    }\n\n    mainClassName = project.hasProperty(\"mainClass\") ? project.getProperty(\"mainClass\") : \"\"\n\n    if (project.hasProperty(\"educationalRun\") && \"true\".equalsIgnoreCase(project.getProperty(\"educationalRun\"))) {\n        def runOutput = new ByteArrayOutputStream()\n        tasks.run.setStandardOutput(runOutput)\n        tasks.run.doLast { printOutput(runOutput) }\n    }\n}\n\nproject(':util') {\n    dependencies {\n        implementation group: 'junit', name: 'junit', version: '4.12'\n    }\n}\n\nconfigure(subprojects.findAll { it.name != 'util' }) {\n    dependencies {\n        implementation project(':util').sourceSets.main.output\n        testImplementation project(':util').sourceSets.test.output\n    }\n}\n"
    }
  ],
  "version" : 11
}