{
  "summary" : "This is an introductory Java course.\n- The course will be most beneficial for beginner-level Java learners.\n- The course covers core Java features.\n- It contains hands-on examples of Java code implementation and exercises to practice new skills.\n- The course is based on the author's personal experience in Java development.",
  "title" : "Java Course",
  "authors" : [
    "Progmatic"
  ],
  "programming_language" : "JAVA",
  "language" : "en",
  "course_type" : "PyCharm",
  "items" : [
    {
      "title" : "konnyebb",
      "task_list" : [
        {
          "choiceOptions" : [
            {
              "text" : "egyszer sem, mert a kód szintaktikailag hibás",
              "status" : "INCORRECT"
            },
            {
              "text" : "ez egy végtelen ciklus, tehát addig fog futni, amíg le nem állítjuk",
              "status" : "CORRECT"
            },
            {
              "text" : "annyiszor fog futni, amennyi Integer.MAX_VALUE értéke",
              "status" : "INCORRECT"
            },
            {
              "text" : "annyiszor fog futni, amennyi Integer.MAX_VALUE / 2 értéke",
              "status" : "INCORRECT"
            }
          ],
          "isMultipleChoice" : false,
          "name" : "ciklusFutas",
          "files" : {
            "src/Main.java" : {
              "name" : "src/Main.java",
              "placeholders" : [ ],
              "is_visible" : true,
              "text" : "public class Main {\n   public static void main(String[] args) {\n      int osszeg = 0;\n\n      for (int i = 0; i < Integer.MAX_VALUE; i += 2) {\n         osszeg += i;\n      }\n\n      System.out.println(osszeg);\n   }\n}"
            }
          },
          "description_text" : "<html>\n\n<h2>Ciklus futása</h2>\n\n<p>\n    Olvasd el figyelmesen a kódot!<br><br>\n    Hányszor fog iterálni a kódban lévő ciklus? (Vagyis: hány kört fog futni a ciklus?)\n</p>\n\n<div class=\"hint\">\n  Ha megvan a válasz, fogalmazd meg magadnak, hogy miért!\n</div>\n\n\n</html>",
          "description_format" : "HTML",
          "feedback_link" : {
            "link_type" : "STEPIK"
          },
          "task_type" : "choice"
        },
        {
          "name" : "szamok123",
          "files" : {
            "src/Task.java" : {
              "name" : "src/Task.java",
              "placeholders" : [
                {
                  "offset" : 142,
                  "length" : 10,
                  "possible_answer" : "szamok += i;",
                  "placeholder_text" : "/* TODO */"
                }
              ],
              "is_visible" : true,
              "text" : "public class Task {\n    public static String szamolTizig() {\n        String szamok = \"\";\n\n        for (int i = 1; i <= 10; i++) {\n            /* TODO */\n        }\n\n        return szamok;\n    }\n}"
            },
            "test/Tests.java" : {
              "name" : "test/Tests.java",
              "placeholders" : [ ],
              "is_visible" : false,
              "text" : "import org.junit.jupiter.api.Test;\n\nimport static org.junit.jupiter.api.Assertions.assertEquals;\n\npublic class Tests {\n\n    @Test\n    void taskTest() {\n        assertEquals(\"12345678910\", Task.szamolTizig());\n    }\n\n}"
            }
          },
          "description_text" : "<html>\n\n<h2>1-től 10-ig</h2>\n\n<p>\n    Egészítsd ki a <code>szamolTizig</code> függvényt úgy, hogy a függvényben szereplő\n    <code>szamok</code> változó értéke ez legyen:<br>\n    <ul>\n        <li style=\"list-style: none\">12345678910</li>\n    </ul>\n</p>\n\n</html>",
          "description_format" : "HTML",
          "feedback_link" : {
            "link_type" : "STEPIK"
          },
          "task_type" : "edu"
        },
        {
          "name" : "szamokNig",
          "files" : {
            "src/Task.java" : {
              "name" : "src/Task.java",
              "placeholders" : [
                {
                  "offset" : 55,
                  "length" : 10,
                  "possible_answer" : "int n",
                  "placeholder_text" : "/* TODO */"
                },
                {
                  "offset" : 122,
                  "length" : 10,
                  "possible_answer" : "i <= n",
                  "placeholder_text" : "/* TODO */"
                },
                {
                  "offset" : 153,
                  "length" : 10,
                  "possible_answer" : "szamok += i;",
                  "placeholder_text" : "/* TODO */"
                }
              ],
              "is_visible" : true,
              "text" : "public class Task {\n    public static String szamolNig(/* TODO */) {\n        String szamok = \"\";\n\n        for (int i = 1; /* TODO */; i++) {\n            /* TODO */\n        }\n\n        return szamok;\n    }\n}"
            },
            "test/Tests.java" : {
              "name" : "test/Tests.java",
              "placeholders" : [ ],
              "is_visible" : false,
              "text" : "import org.junit.jupiter.api.Test;\n\nimport static org.junit.jupiter.api.Assertions.assertEquals;\n\npublic class Tests {\n\n    @Test\n    void taskTest() {\n        assertEquals(\"\", Task.szamolNig(0));\n        assertEquals(\"1\", Task.szamolNig(1));\n        assertEquals(\"12345\", Task.szamolNig(5));\n        assertEquals(\"123456789101112131415\", Task.szamolNig(15));\n    }\n\n}"
            }
          },
          "description_text" : "<html>\n\n<h2>1-től N-ig</h2>\n\n<p>\n    Módosítsd úgy az előző feladat <code>szamolTizig</code> függvényét,\n    hogy az új függvény ne csak 10-ig számoljon, hanem <strong>N</strong>-ig.<br>\n</p>\n\n<div class=\"hint\">\n    Ha például N értéke 3, akkor a függvényben szereplő <code>szamok</code>\n    változó értéke ez legyen:<br>\n    <ul>\n        <li style=\"list-style: none\">123</li>\n    </ul>\n</div>\n\n\n</html>",
          "description_format" : "HTML",
          "feedback_link" : {
            "link_type" : "STEPIK"
          },
          "task_type" : "edu"
        },
        {
          "name" : "szamokXtolNig",
          "files" : {
            "src/Task.java" : {
              "name" : "src/Task.java",
              "placeholders" : [
                {
                  "offset" : 59,
                  "length" : 10,
                  "possible_answer" : "int x, int n",
                  "placeholder_text" : "/* TODO */"
                },
                {
                  "offset" : 115,
                  "length" : 10,
                  "possible_answer" : "int i = x",
                  "placeholder_text" : "/* TODO */"
                },
                {
                  "offset" : 127,
                  "length" : 10,
                  "possible_answer" : "i <= n",
                  "placeholder_text" : "/* TODO */"
                },
                {
                  "offset" : 158,
                  "length" : 10,
                  "possible_answer" : "szamok += i;",
                  "placeholder_text" : "/* TODO */"
                }
              ],
              "is_visible" : true,
              "text" : "public class Task {\n    public static String szamolXtolNig(/* TODO */) {\n        String szamok = \"\";\n\n        for (/* TODO */; /* TODO */; i++) {\n            /* TODO */\n        }\n\n        return szamok;\n    }\n}"
            },
            "test/Tests.java" : {
              "name" : "test/Tests.java",
              "placeholders" : [ ],
              "is_visible" : false,
              "text" : "import org.junit.jupiter.api.Test;\n\nimport static org.junit.jupiter.api.Assertions.assertEquals;\n\npublic class Tests {\n\n    @Test\n    void taskTest() {\n        assertEquals(\"\", Task.szamolXtolNig(0, 0));\n        assertEquals(\"-1012\", Task.szamolXtolNig(-1, 2));\n        assertEquals(\"12345\", Task.szamolXtolNig(1, 5));\n        assertEquals(\"56\", Task.szamolXtolNig(5, 6));\n    }\n\n}"
            }
          },
          "description_text" : "<html>\n\n<h2>X-től N-ig</h2>\n\n<p>\n    Módosítsd úgy az előző feladat <code>szamolNig</code> függvényét,\n    hogy az új függvény ne 1-től számoljon N-ig, hanem <strong>X</strong>-től.<br>\n</p>\n\n<div class=\"hint\">\n    Ha például X értéke -1, N értéke 3, akkor a függvényben szereplő <code>szamok</code>\n    változó értéke ez legyen:<br>\n    <ul>\n        <li style=\"list-style: none\">-10123</li>\n    </ul>\n</div>\n\n\n</html>",
          "description_format" : "HTML",
          "feedback_link" : {
            "link_type" : "STEPIK"
          },
          "task_type" : "edu"
        },
        {
          "name" : "prim",
          "files" : {
            "src/Task.java" : {
              "name" : "src/Task.java",
              "placeholders" : [
                {
                  "offset" : 76,
                  "length" : 10,
                  "possible_answer" : "int i = 2",
                  "placeholder_text" : "/* TODO */"
                },
                {
                  "offset" : 133,
                  "length" : 10,
                  "possible_answer" : "szam % i == 0",
                  "placeholder_text" : "/* TODO */"
                }
              ],
              "is_visible" : true,
              "text" : "public class Task {\n    public static boolean prim(int szam) {\n        for (/* TODO */; i <= Math.sqrt(szam); i++) {\n            if (/* TODO */) {\n                return false;\n            }\n        }\n\n        return (szam >= 2);\n    }\n}"
            },
            "test/Tests.java" : {
              "name" : "test/Tests.java",
              "placeholders" : [ ],
              "is_visible" : false,
              "text" : "import org.junit.jupiter.api.Test;\n\nimport static org.junit.jupiter.api.Assertions.assertFalse;\nimport static org.junit.jupiter.api.Assertions.assertTrue;\n\npublic class Tests {\n\n    @Test\n    void taskTest() {\n        assertFalse(Task.prim(-1));\n        assertFalse(Task.prim(0));\n        assertFalse(Task.prim(1));\n        assertFalse(Task.prim(9));\n        assertFalse(Task.prim(25));\n\n        assertTrue(Task.prim(2));\n        assertTrue(Task.prim(5));\n        assertTrue(Task.prim(29));\n    }\n\n}"
            }
          },
          "description_text" : "<html>\n\n<h2>Prímszám</h2>\n\n<p>\n    Egészítsd ki a <code>prim</code> függvényt!<br><br>\n    A függvény megállapítja, hogy a bemeneti paraméterként kapott <code>szam</code>\n    nevű változó prímszám-e vagy sem.\n</p>\n\n<div class=\"hint\">\n    Prímszám definíciója: prímszám az a pozitív egész szám, amelynek pontosan két osztója van:\n    1 és önmaga.\n</div>\n\n<div class=\"hint\">\n    A függvény csak a pozitív számokat tekinti prímszámoknak.\n</div>\n\n</html>",
          "description_format" : "HTML",
          "feedback_link" : {
            "link_type" : "STEPIK"
          },
          "task_type" : "edu"
        },
        {
          "name" : "primN",
          "files" : {
            "src/Task.java" : {
              "name" : "src/Task.java",
              "placeholders" : [
                {
                  "offset" : 134,
                  "length" : 10,
                  "possible_answer" : "talaltPrimSzamlalo < n",
                  "placeholder_text" : "/* TODO */"
                },
                {
                  "offset" : 421,
                  "length" : 10,
                  "possible_answer" : "!vanOszto",
                  "placeholder_text" : "/* TODO */"
                }
              ],
              "is_visible" : true,
              "text" : "public class Task {\n    public static int nPrim(int n) {\n        int vizsgal = 1;\n        int talaltPrimSzamlalo = 0;\n\n        while (/* TODO */) {\n            vizsgal++;\n            boolean vanOszto = false;\n            for (int i = 2; i <= Math.sqrt(vizsgal); i++) {\n                if (vizsgal % i == 0) {\n                    vanOszto = true;\n                    break;\n                }\n            }\n            if (/* TODO */) {\n                talaltPrimSzamlalo++;\n            }\n        }\n\n        return vizsgal;\n    }\n}"
            },
            "test/Tests.java" : {
              "name" : "test/Tests.java",
              "placeholders" : [ ],
              "is_visible" : false,
              "text" : "import org.junit.jupiter.api.Test;\n\nimport static org.junit.jupiter.api.Assertions.*;\n\npublic class Tests {\n\n    @Test\n    void taskTest() {\n        assertEquals(2, Task.nPrim(1));\n        assertEquals(3, Task.nPrim(2));\n        assertEquals(29, Task.nPrim(10));\n    }\n\n}"
            }
          },
          "description_text" : "<html>\n\n<h2>N-edik prímszám</h2>\n\n<p>\n    Az előző feladat <code>prim</code> függvényét módosítottuk úgy,\n    hogy a függvény megkeresi az <strong>N-edik pozitív prímszámot</strong>.<br><br>\n    Egészítsd ki a függvény hiányzó részeit!<br><br>\n    <i>Biztos lehetsz benne, hogy a bemeneti paraméter nullánál nagyobb szám lesz.</i>\n</p>\n\n<div class=\"hint\">\n    A <code>prim</code> függvény lehetséges felhasználása eltér az előzőtől,\n    ezért kissé módosult.\n</div>\n\n</html>",
          "description_format" : "HTML",
          "feedback_link" : {
            "link_type" : "STEPIK"
          },
          "task_type" : "edu"
        },
        {
          "name" : "primNszepen",
          "files" : {
            "src/Task.java" : {
              "name" : "src/Task.java",
              "placeholders" : [
                {
                  "offset" : 65,
                  "length" : 10,
                  "possible_answer" : "int vizsgal = 1;\n        int talaltPrimSzamlalo = 0;\n\n        while (talaltPrimSzamlalo < n) {\n            vizsgal++;\n            if (prim(vizsgal)) {\n                talaltPrimSzamlalo++;\n            }\n        }",
                  "placeholder_text" : "/* TODO */"
                },
                {
                  "offset" : 92,
                  "length" : 10,
                  "possible_answer" : "vizsgal",
                  "placeholder_text" : "/* TODO */"
                }
              ],
              "is_visible" : true,
              "text" : "public class Task {\n    public static int nPrim(int n) {\n        /* TODO */\n\n        return /* TODO */;\n    }\n\n    public static boolean prim(int szam) {\n        for (int i = 2; i <= Math.sqrt(szam); i++) {\n            if (szam % i == 0) {\n                return false;\n            }\n        }\n\n        return (szam >= 2);\n    }\n}"
            },
            "test/Tests.java" : {
              "name" : "test/Tests.java",
              "placeholders" : [ ],
              "is_visible" : false,
              "text" : "import org.junit.jupiter.api.Test;\n\nimport static org.junit.jupiter.api.Assertions.*;\n\npublic class Tests {\n\n  @Test\n  void taskTest() {\n    assertEquals(2, Task.nPrim(1));\n    assertEquals(3, Task.nPrim(2));\n    assertEquals(29, Task.nPrim(10));\n  }\n\n}"
            }
          },
          "description_text" : "<html>\n\n<h2>N-edik prímszám - szebben</h2>\n\n<p>\n    Az előző feladat <code>nPrim</code> függvénye nem valami szép...<br>\n    Valósítsd meg úgy, hogy a függvényed használja fel a <code>prim</code> függvényt\n    az N. prímszám megtalálásához!\n</p>\n\n<div class=\"hint\">\n    A <code>prim</code> függvény használatra készen áll. :)\n</div>\n\n</html>",
          "description_format" : "HTML",
          "feedback_link" : {
            "link_type" : "STEPIK"
          },
          "task_type" : "edu"
        },
        {
          "name" : "legnagyobbPrim",
          "files" : {
            "src/Task.java" : {
              "name" : "src/Task.java",
              "placeholders" : [
                {
                  "offset" : 82,
                  "length" : 10,
                  "possible_answer" : "Integer.MAX_VALUE",
                  "placeholder_text" : "/* TODO */"
                },
                {
                  "offset" : 124,
                  "length" : 10,
                  "possible_answer" : "prim(i)",
                  "placeholder_text" : "/* TODO */"
                }
              ],
              "is_visible" : true,
              "text" : "public class Task {\n    public static int legnagyobbPrim() {\n        for (int i = /* TODO */; i > 0; i--) {\n            if (/* TODO */) {\n                return i;\n            }\n        }\n\n        return -1;\n    }\n\n    public static boolean prim(int szam) {\n        for (int i = 2; i <= Math.sqrt(szam); i++) {\n            if (szam % i == 0) {\n                return false;\n            }\n        }\n\n        return (szam >= 2);\n    }\n\n}"
            },
            "test/Tests.java" : {
              "name" : "test/Tests.java",
              "placeholders" : [ ],
              "is_visible" : false,
              "text" : "import org.junit.jupiter.api.Test;\n\nimport static org.junit.jupiter.api.Assertions.*;\n\npublic class Tests {\n\n    @Test\n    void taskTest() {\n        assertEquals(Integer.MAX_VALUE, Task.legnagyobbPrim());\n    }\n\n}"
            }
          },
          "description_text" : "<html>\n\n<h2>Legnagyobb prímszám</h2>\n\n<p>\n    Egészítsd ki a <code>legnagyobbPrim</code> függvényt,\n    hogy a függvény megtalálja a legnagyobb prímszámot, amit az <code>int</code> típus\n    még tárolni képes!\n</p>\n\n<div class=\"hint\">\n  A függvény -1 értékkel tér vissza, ha nem találja meg a legnagyobb prímszámot.\n    Azonban ez nem fordulhat elő.\n</div>\n\n<div class=\"hint\">\n    A <code>prim</code> függvény használatra készen áll. :)\n</div>\n\n\n</html>",
          "description_format" : "HTML",
          "feedback_link" : {
            "link_type" : "STEPIK"
          },
          "task_type" : "edu"
        },
        {
          "name" : "negyzet",
          "files" : {
            "src/Task.java" : {
              "name" : "src/Task.java",
              "placeholders" : [
                {
                  "offset" : 115,
                  "length" : 10,
                  "possible_answer" : "i < 3",
                  "placeholder_text" : "/* TODO */"
                },
                {
                  "offset" : 157,
                  "length" : 10,
                  "possible_answer" : "\"*****\\n\"",
                  "placeholder_text" : "/* TODO */"
                }
              ],
              "is_visible" : true,
              "text" : "public class Task {\n    public static String negyzetRajz() {\n        String negyzet = \"\";\n\n        for (int i = 0; /* TODO */; i++) {\n            negyzet += /* TODO */;\n        }\n\n        return negyzet;\n    }\n}"
            },
            "test/Tests.java" : {
              "name" : "test/Tests.java",
              "placeholders" : [ ],
              "is_visible" : false,
              "text" : "import org.junit.jupiter.api.Test;\n\nimport static org.junit.jupiter.api.Assertions.*;\n\npublic class Tests {\n\n    @Test\n    void taskTest() {\n        String expected =\n                \"*****\\n\" +\n                \"*****\\n\" +\n                \"*****\\n\";\n\n        assertEquals(expected, Task.negyzetRajz());\n    }\n\n}"
            }
          },
          "description_text" : "<html>\n\n<h2>Négyzet</h2>\n\n<p>\n    Egészítsd ki a <code>negyzetRajz</code> függvényt,\n    hogy a <code>negyzet</code> nevű változó értéke (kirajzolva) ilyen legyen:<br><br>\n\n<pre>\n    *****\n    *****\n    *****\n    </pre>\n\nTehát 3 sorból álljon, és mindegyik sorban 5 csillag legyen.\n\n</p>\n\n<div class=\"hint\">\n    <code>String</code>-be sortörést a <code>\\n</code> karakterrel adhatsz hozzá.<br><br>\n    Például:<br><br>\n    <code>String s = \"ez után sortörés -\\nés folytatódik a szöveg\"</code><br><br>\n    Az <code>s</code> változó értéke megjelenítve:<br>\n    <strong>ez után egy sortörés -<br>\n        és folytatódik a szöveg</strong>\n</div>\n\n</html>",
          "description_format" : "HTML",
          "feedback_link" : {
            "link_type" : "STEPIK"
          },
          "task_type" : "edu"
        },
        {
          "name" : "negyzetMaskepp",
          "files" : {
            "src/Task.java" : {
              "name" : "src/Task.java",
              "placeholders" : [
                {
                  "offset" : 157,
                  "length" : 10,
                  "possible_answer" : "j < 5",
                  "placeholder_text" : "/* TODO */"
                },
                {
                  "offset" : 203,
                  "length" : 10,
                  "possible_answer" : "\"*\"",
                  "placeholder_text" : "/* TODO */"
                }
              ],
              "is_visible" : true,
              "text" : "public class Task {\n    public static String negyzetRajz() {\n        String negyzet = \"\";\n\n        for (int i = 0; i < 3; i++) {\n            for (int j = 0; /* TODO */; j++) {\n                negyzet += /* TODO */;\n            }\n            negyzet += \"\\n\";\n        }\n\n        return negyzet;\n    }\n}"
            },
            "test/Tests.java" : {
              "name" : "test/Tests.java",
              "placeholders" : [ ],
              "is_visible" : false,
              "text" : "import org.junit.jupiter.api.Test;\n\nimport static org.junit.jupiter.api.Assertions.*;\n\npublic class Tests {\n\n    @Test\n    void taskTest() {\n        String expected =\n                \"*****\\n\" +\n                \"*****\\n\" +\n                \"*****\\n\";\n\n        assertEquals(expected, Task.negyzetRajz());\n    }\n\n}"
            }
          },
          "description_text" : "<html>\n\n<h2>Négyzet beágyazott ciklussal</h2>\n\n<p>\n    Módosítsd úgy a <code>negyzetRajz</code> függvényt,\n    hogy a <code>rajz</code> nevű változó értéke ne változzon, de a megoldásod\n    egymásba ágyazott ciklusokat használjon!\n\n</p>\n\n<div class=\"hint\">\n    <code>String</code>-be sortörést a <code>\\n</code> karakterrel adhatsz hozzá.<br><br>\n    Például:<br><br>\n    <code>String s = \"ez után sortörés -\\nés folytatódik a szöveg\"</code><br><br>\n    Az <code>s</code> változó értéke megjelenítve:<br>\n    <strong>ez után egy sortörés -<br>\n        és folytatódik a szöveg</strong>\n</div>\n\n</html>",
          "description_format" : "HTML",
          "feedback_link" : {
            "link_type" : "STEPIK"
          },
          "task_type" : "edu"
        },
        {
          "name" : "szamOsztoi",
          "files" : {
            "src/Task.java" : {
              "name" : "src/Task.java",
              "placeholders" : [
                {
                  "offset" : 113,
                  "length" : 10,
                  "possible_answer" : "int i = 2; i < szam; i++",
                  "placeholder_text" : "/* TODO */"
                },
                {
                  "offset" : 143,
                  "length" : 10,
                  "possible_answer" : "szam % i == 0",
                  "placeholder_text" : "/* TODO */"
                },
                {
                  "offset" : 225,
                  "length" : 10,
                  "possible_answer" : "szamlalo + 2",
                  "placeholder_text" : "/* TODO */"
                }
              ],
              "is_visible" : true,
              "text" : "public class Task {\n    public static int szamOsztoiSzamlalo(int szam) {\n        int szamlalo = 0;\n\n        for (/* TODO */) {\n            if (/* TODO */) {\n                szamlalo++;\n            }\n        }\n\n        return /* TODO */;\n    }\n}"
            },
            "test/Tests.java" : {
              "name" : "test/Tests.java",
              "placeholders" : [ ],
              "is_visible" : false,
              "text" : "import org.junit.jupiter.api.Test;\n\nimport static org.junit.jupiter.api.Assertions.*;\n\npublic class Tests {\n\n    @Test\n    void taskTest() {\n        assertEquals(2, Task.szamOsztoiSzamlalo(2));\n        assertEquals(4, Task.szamOsztoiSzamlalo(6));\n        assertEquals(5, Task.szamOsztoiSzamlalo(16));\n        assertEquals(3, Task.szamOsztoiSzamlalo(25));\n        assertEquals(2, Task.szamOsztoiSzamlalo(29));\n    }\n\n}"
            }
          },
          "description_text" : "<html>\n\n<h2>Szám osztói</h2>\n\n<p>\n    Egészítsd ki a <code>szamOsztoiSzamlalo</code> függvényt!<br><br>\n    A függvény megszámolja, hogy hány osztója van a bemeneti paraméterként kapott\n    <code>szam</code> nevű változónak, és visszatér ezzel a számmal.<br>\n    A <code>szam</code> csak pozitív egész szám lehet (tehát nem lehet negatív vagy 0).\n</p>\n\n<div class=\"hint\">\n    <strong>NULLÁVAL NEM OSZTUNK!</strong>\n</div>\n\n<div class=\"hint\">\n    Például:<br>\n    <strong>2</strong> osztói: 1, 2 - tehát összesen <strong>2</strong> darab.<br>\n    <strong>16</strong> osztói: 1, 2, 4, 8, 16 - tehát összesen <strong>5</strong> darab.\n</div>\n\n</html>",
          "description_format" : "HTML",
          "feedback_link" : {
            "link_type" : "STEPIK"
          },
          "task_type" : "edu"
        },
        {
          "name" : "szamOsztoparjai",
          "files" : {
            "src/Task.java" : {
              "name" : "src/Task.java",
              "placeholders" : [
                {
                  "offset" : 113,
                  "length" : 10,
                  "possible_answer" : "for (int i = 1; i <= Math.sqrt(szam); i++) {\n            if (szam % i == 0) {\n                szamlalo++;\n            }\n        }",
                  "placeholder_text" : "/* TODO */"
                }
              ],
              "is_visible" : true,
              "text" : "public class Task {\n    public static int szamOsztoParjaiSzamlalo(int szam) {\n        int szamlalo = 0;\n\n        /* TODO */\n\n        return szamlalo;\n    }\n}"
            },
            "test/Tests.java" : {
              "name" : "test/Tests.java",
              "placeholders" : [ ],
              "is_visible" : false,
              "text" : "import org.junit.jupiter.api.Test;\n\nimport static org.junit.jupiter.api.Assertions.*;\n\npublic class Tests {\n\n    @Test\n    void taskTest() {\n        assertEquals(1, Task.szamOsztoParjaiSzamlalo(2));\n        assertEquals(2, Task.szamOsztoParjaiSzamlalo(6));\n        assertEquals(3, Task.szamOsztoParjaiSzamlalo(16));\n        assertEquals(2, Task.szamOsztoParjaiSzamlalo(25));\n        assertEquals(2, Task.szamOsztoParjaiSzamlalo(29));\n        assertEquals(5, Task.szamOsztoParjaiSzamlalo(36));\n    }\n\n}"
            }
          },
          "description_text" : "<html>\n\n<h2>Szám osztópárjai</h2>\n\n<p>\n    Egészítsd ki a <code>szamOsztoParjaiSzamlalo</code> függvényt!<br><br>\n    A feladat az előzőhöz hasonló, csupán azzal a különbséggel, hogy ezúttal nem a\n    <code>szam</code> osztóit, hanem az osztópárjait számolja meg a függvény.<br><br>\n    Például:\n    <ul style=\"list-style: none\">\n        <li>2 osztói 1 és 2 - ez egy osztópár</li>\n        <li>16 osztói 1, 2, 4, 8, 16 - ez 3 osztópár, mert: 1*16, 2*8 és 4*4</li>\n        <li>25 osztói 1, 5, 25 - ez 2 osztópár, mert: 1*25 és 5*5</li>\n    </ul>\n</p>\n\n<div class=\"hint\">\n    <strong>NULLÁVAL NEM OSZTUNK!</strong>\n</div>\n\n</html>",
          "description_format" : "HTML",
          "feedback_link" : {
            "link_type" : "STEPIK"
          },
          "task_type" : "edu"
        },
        {
          "name" : "szamjegyOsszegzes",
          "files" : {
            "src/Task.java" : {
              "name" : "src/Task.java",
              "placeholders" : [
                {
                  "offset" : 155,
                  "length" : 10,
                  "possible_answer" : "abszolutSzam > 0",
                  "placeholder_text" : "/* TODO */"
                },
                {
                  "offset" : 196,
                  "length" : 10,
                  "possible_answer" : "abszolutSzam % 10",
                  "placeholder_text" : "/* TODO */"
                },
                {
                  "offset" : 252,
                  "length" : 10,
                  "possible_answer" : "abszolutSzam /= 10",
                  "placeholder_text" : "/* TODO */"
                }
              ],
              "is_visible" : true,
              "text" : "public class Task {\n    public static int szamjegyOsszegzes(int szam) {\n        int abszolutSzam = Math.abs(szam);\n        int osszeg = 0;\n\n        while (/* TODO */) {\n            int szamjegy = /* TODO */;\n            osszeg += szamjegy;\n            /* TODO */;\n        }\n\n        return osszeg;\n    }\n}"
            },
            "test/Tests.java" : {
              "name" : "test/Tests.java",
              "placeholders" : [ ],
              "is_visible" : false,
              "text" : "import org.junit.jupiter.api.Test;\n\nimport static org.junit.jupiter.api.Assertions.*;\n\npublic class Tests {\n\n    @Test\n    void taskTest() {\n        assertEquals(0, Task.szamjegyOsszegzes(0));\n        assertEquals(6, Task.szamjegyOsszegzes(6));\n        assertEquals(6, Task.szamjegyOsszegzes(-6));\n        assertEquals(6, Task.szamjegyOsszegzes(123));\n        assertEquals(6, Task.szamjegyOsszegzes(-123));\n        assertEquals(45, Task.szamjegyOsszegzes(123456789));\n        assertEquals(45, Task.szamjegyOsszegzes(-123456789));\n    }\n\n}"
            }
          },
          "description_text" : "<html>\n\n<h2>Számjegyek összegzése</h2>\n\n<p>\n    Egészítsd ki a <code>szamjegyOsszegzes</code> nevű függvényt!<br><br>\n    A függvény bemeneti paraméterként kapja a <code>szam</code> nevű,\n    <code>int</code> típusú számot, és összeadja a számjegyeit. Végül visszatér az összeggel.\n</p>\n\n<div class=\"hint\">\n  Ha <code>szam</code> értéke <strong>2021</strong>, akkor a függvény visszatérési\n    értéke <strong>5</strong>, mivel 2 + 0 + 2 + 1 = 5.<br>\n    Ha <code>szam</code> értéke <strong>-2021</strong>, a függvény visszatérési\n    értéke akkor is <strong>5</strong>, mivel a függvény csak a számjegyeket nézi, az\n    előjelet nem.<br>\n    Ha <code>szam</code> értéke <strong>-2</strong> vagy akár <strong>+2</strong>,\n    akkor a függvény visszatérési értéke <strong>2</strong>,\n    mivel ezekben a számokban csak egy számjegy szerepel ( 2 ).\n</div>\n\n<div class=\"hint\">\n    Az <code>abszolutSzam</code> nevű változó a <code>szam</code> abszolút értékét veszi fel.\n    Tehát neked a megoldásodban nem kell foglalkoznod az előjellel, amennyiben az\n    <code>abszolutSzam</code>-ot használod.\n</div>\n\n</html>",
          "description_format" : "HTML",
          "feedback_link" : {
            "link_type" : "STEPIK"
          },
          "task_type" : "edu"
        },
        {
          "name" : "abc",
          "files" : {
            "src/Task.java" : {
              "name" : "src/Task.java",
              "placeholders" : [
                {
                  "offset" : 106,
                  "length" : 10,
                  "possible_answer" : "int darab = Math.min(darabszam, 26);\n        for (int i = 0; i < darab; i++) {\n            int kovetkezoKarakter = 'A' + i;\n            abc += (char) kovetkezoKarakter;\n        }",
                  "placeholder_text" : "/* TODO */"
                }
              ],
              "is_visible" : true,
              "text" : "public class Task {\n    public static String abcSzoveg(int darabszam) {\n        String abc = \"\";\n\n        /* TODO */\n\n        return abc;\n    }\n}"
            },
            "test/Tests.java" : {
              "name" : "test/Tests.java",
              "placeholders" : [ ],
              "is_visible" : false,
              "text" : "import org.junit.jupiter.api.Test;\n\nimport static org.junit.jupiter.api.Assertions.*;\n\npublic class Tests {\n\n    @Test\n    void taskTest() {\n        assertEquals(\"A\", Task.abcSzoveg(1));\n        assertEquals(\"AB\", Task.abcSzoveg(2));\n        assertEquals(\"ABCDEF\", Task.abcSzoveg(6));\n        assertEquals(\"ABCDEFGHIJKLMNOPQRSTUVWXY\", Task.abcSzoveg(25));\n        assertEquals(\"ABCDEFGHIJKLMNOPQRSTUVWXYZ\", Task.abcSzoveg(26));\n        assertEquals(\"ABCDEFGHIJKLMNOPQRSTUVWXYZ\", Task.abcSzoveg(27));\n        assertEquals(\"ABCDEFGHIJKLMNOPQRSTUVWXYZ\", Task.abcSzoveg(30));\n    }\n\n}"
            }
          },
          "description_text" : "<html>\n\n<h2>ÁBÉCÉ</h2>\n\n<p>\n    Valósítsd meg az <code>abcSzoveg</code> függvényt!<br><br>\n    A függvény az <code>A</code> betűtől kezdve hozzáfűzi az ábécé betűit az <code>abc</code>\n    nevű változó értékéhez, és visszatér ezzel az értékkel.<br>\n    A függvény annyi betűt fűz az <code>abc</code>-hez, amennyi a függvény bemeneti\n    paramétereként megadott <code>darabszam</code> nevű változó értéke. De legfeljebb 26 darab\n    karaktert fűz össze.<br><br>\n    Például: Ha <code>darabszam</code> értéke 3, akkor az <code>abc</code> szöveg értéke \"ABC\".<br>\n    De ha <code>darabszam</code> értéke 27, <code>abc</code> akkor is csak 26 karaktert fog\n    tartalmazni (az angol ábécé összes betűjét, azaz A-tól Z-ig).\n</p>\n\n<div class=\"hint\">\n    <code>char</code> változókon ugyanúgy működnek a matematikai műveletek, mint szám típusúakon.\n</div>\n\n</html>",
          "description_format" : "HTML",
          "feedback_link" : {
            "link_type" : "STEPIK"
          },
          "task_type" : "edu"
        }
      ],
      "type" : "lesson"
    },
    {
      "title" : "nehezebb",
      "task_list" : [
        {
          "name" : "felPiramis",
          "files" : {
            "src/Task.java" : {
              "name" : "src/Task.java",
              "placeholders" : [
                {
                  "offset" : 100,
                  "length" : 10,
                  "possible_answer" : "int i = 0; i < 5; i++",
                  "placeholder_text" : "/* TODO */"
                },
                {
                  "offset" : 131,
                  "length" : 10,
                  "possible_answer" : "int j = 0; j < i + 1; j++",
                  "placeholder_text" : "/* TODO */"
                }
              ],
              "is_visible" : true,
              "text" : "public class Task {\n    public static String felPiramis() {\n        String rajz = \"\";\n\n        for (/* TODO */) {\n            for (/* TODO */) {\n                rajz += \"*\";\n            }\n            rajz += \"\\n\";\n        }\n\n        return rajz;\n    }\n}"
            },
            "test/Tests.java" : {
              "name" : "test/Tests.java",
              "placeholders" : [ ],
              "is_visible" : false,
              "text" : "import org.junit.jupiter.api.Test;\n\nimport static org.junit.jupiter.api.Assertions.*;\n\npublic class Tests {\n\n    @Test\n    void taskTest() {\n        String expected =\n                \"*\\n\" +\n                \"**\\n\" +\n                \"***\\n\" +\n                \"****\\n\" +\n                \"*****\\n\";\n\n        assertEquals(expected, Task.felPiramis());\n    }\n\n}"
            }
          },
          "description_text" : "<html>\n\n<h2>Fél-Piramis</h2>\n\n<p>\n    Egészítsd ki a <code>felPiramis</code> függvényt, hogy a <code>rajz</code> nevű változó\n    értéke (kirajzolva) ilyen legyen:<br><br>\n\n    *<br>\n    **<br>\n    ***<br>\n    ****<br>\n    *****<br>\n    <br>\n    Tehát a fél-piramis 5 sorból áll. Az első szorban egy csillag ( * ) van,\n    utána pedig minden sorban eggyel több.\n</p>\n\n<div class=\"hint\">\n    <code>String</code>-be sortörést a <code>\\n</code> karakterrel adhatsz hozzá.<br><br>\n    Például:<br><br>\n    <code>String s = \"ez után sortörés -\\nés folytatódik a szöveg\"</code><br><br>\n    Az <code>s</code> változó értéke megjelenítve:<br>\n    <strong>ez után egy sortörés -<br>\n    és folytatódik a szöveg</strong>\n</div>\n\n<div class=\"hint\">\n  Figyelj arra, hogy az utolsó csillagos sor alatt van egy teljesen üres sor.\n</div>\n\n</html>",
          "description_format" : "HTML",
          "feedback_link" : {
            "link_type" : "STEPIK"
          },
          "task_type" : "edu"
        },
        {
          "name" : "forditottFelPiramis",
          "files" : {
            "src/Task.java" : {
              "name" : "src/Task.java",
              "placeholders" : [
                {
                  "offset" : 151,
                  "length" : 10,
                  "possible_answer" : "int j = 0; j < 5 - i - 1; j++",
                  "placeholder_text" : "/* TODO */"
                },
                {
                  "offset" : 225,
                  "length" : 10,
                  "possible_answer" : "int k = 0; k < i + 1; k++",
                  "placeholder_text" : "/* TODO */"
                }
              ],
              "is_visible" : true,
              "text" : "public class Task {\n    public static String forditottFelPiramis() {\n        String rajz = \"\";\n\n        for (int i = 0; i < 5; i++) {\n            for (/* TODO */) {\n                rajz += \" \";\n            }\n            for (/* TODO */) {\n                rajz += \"*\";\n            }\n            rajz += \"\\n\";\n        }\n\n        return rajz;\n    }\n}"
            },
            "test/Tests.java" : {
              "name" : "test/Tests.java",
              "placeholders" : [ ],
              "is_visible" : false,
              "text" : "import org.junit.jupiter.api.Test;\n\nimport static org.junit.jupiter.api.Assertions.*;\n\npublic class Tests {\n\n    @Test\n    void taskTest() {\n        String expected =\n                \"    *\\n\" +\n                \"   **\\n\" +\n                \"  ***\\n\" +\n                \" ****\\n\" +\n                \"*****\\n\";\n\n        assertEquals(expected, Task.forditottFelPiramis());\n    }\n\n}"
            }
          },
          "description_text" : "<html>\n\n<h2>Fordított Fél-Piramis</h2>\n\n<p>\n    Egészítsd ki a <code>forditottFelPiramis</code> függvényt,\n    hogy a <code>rajz</code> nevű változó értéke (kirajzolva) ilyen legyen:<br><br>\n\n<pre>\n    *\n   **\n  ***\n ****\n*****\n</pre>\n\n    Tehát ugyanolyan félpiramis, mint az előző feladatban - csupán ezúttal a másik irányba\n    \"néz\".\n\n</p>\n\n<div class=\"hint\">\n  Az első sorban 4 szóköz és 1 csillag van, a második sorban 3 szóköz és 2 csillag - és így\n    tovább. A legutolsó \"csillagos\" sorban már nincs szóköz, csak 5 darab csillag.\n</div>\n\n<div class=\"hint\">\n    Ezúttal is igaz, hogy a legutolsó csillagos sor alatt van egy teljesen üres sor.\n</div>\n\n</html>",
          "description_format" : "HTML",
          "feedback_link" : {
            "link_type" : "STEPIK"
          },
          "task_type" : "edu"
        },
        {
          "name" : "piramis",
          "files" : {
            "src/Task.java" : {
              "name" : "src/Task.java",
              "placeholders" : [
                {
                  "offset" : 134,
                  "length" : 10,
                  "possible_answer" : "for (int j = 0; j < 5 - i - 1; j++) {\n                rajz += \" \";\n            }\n            for (int k = 0; k < i * 2 + 1; k++) {\n                rajz += \"*\";\n            }\n            rajz += \"\\n\";",
                  "placeholder_text" : "/* TODO */"
                }
              ],
              "is_visible" : true,
              "text" : "public class Task {\n    public static String piramis() {\n        String rajz = \"\";\n\n        for (int i = 0; i < 5; i++) {\n            /* TODO */\n        }\n\n        return rajz;\n    }\n}"
            },
            "test/Tests.java" : {
              "name" : "test/Tests.java",
              "placeholders" : [ ],
              "is_visible" : false,
              "text" : "import org.junit.jupiter.api.Test;\n\nimport static org.junit.jupiter.api.Assertions.*;\n\npublic class Tests {\n\n    @Test\n    void taskTest() {\n        String expected =\n                \"    *\\n\" +\n                \"   ***\\n\" +\n                \"  *****\\n\" +\n                \" *******\\n\" +\n                \"*********\\n\";\n\n        assertEquals(expected, Task.piramis());\n    }\n\n}"
            }
          },
          "description_text" : "<html>\n\n<h2>Piramis</h2>\n\n<p>\n    Egészítsd ki a <code>piramis</code> függvényt,\n    hogy a <code>rajz</code> nevű változó értéke (kirajzolva) ilyen legyen:<br><br>\n\n<pre>\n    *\n   ***\n  *****\n *******\n*********\n</pre>\n\n    Tehát ezúttal már egy teljes piramist kell kiadnia.\n\n</p>\n\n<div class=\"hint\">\n    Az első sorban 4 szóköz és 1 csillag van, a második sorban 3 szóköz és 3 csillag - és így\n    tovább. A legutolsó \"csillagos\" sorban már nincs szóköz, csak 9 darab csillag.\n</div>\n\n<div class=\"hint\">\n    Ezúttal is igaz, hogy a legutolsó csillagos sor alatt van egy teljesen üres sor.\n</div>\n\n</html>",
          "description_format" : "HTML",
          "feedback_link" : {
            "link_type" : "STEPIK"
          },
          "task_type" : "edu"
        },
        {
          "choiceOptions" : [
            {
              "text" : "a sorok számát törölném a függvényből",
              "status" : "INCORRECT"
            },
            {
              "text" : "a sorok számát a függvényben változóként tárolnám",
              "status" : "INCORRECT"
            },
            {
              "text" : "a sorok számát a függvény bemeneti paramétereként adnám meg, és azt használnám a függvényben",
              "status" : "CORRECT"
            },
            {
              "text" : "a sorok számát a függvény meghívása előtt adnám meg",
              "status" : "INCORRECT"
            }
          ],
          "isMultipleChoice" : false,
          "name" : "piramisAltalanos",
          "files" : {
            "src/Main.java" : {
              "name" : "src/Main.java",
              "placeholders" : [ ],
              "is_visible" : true,
              "text" : "public class Main {\n   public static void main(String[] args) {\n      // Write your solution here\n   }\n}"
            }
          },
          "description_text" : "<html>\n\n<h2>Piramisos függvények általánosítása</h2>\n\n<p>\n    Az eddigi feladatokban 5 sorból álló (fél)piramisokat kellett készíteni,\n    azonban ez nem optimális megoldás. Hiszen lehet, hogy nekem 4 vagy 8 vagy 100 sorból álló\n    piramisra van szükségem.<br><br>\n    Hogyan tudnád általánosabbá tenni a piramisos függvényeket, hogy ne csak 5 soros\n    (fél)piramisokat készítsenek?\n</p>\n\n</html>",
          "description_format" : "HTML",
          "feedback_link" : {
            "link_type" : "STEPIK"
          },
          "task_type" : "choice"
        },
        {
          "name" : "sakktabla",
          "files" : {
            "src/Task.java" : {
              "name" : "src/Task.java",
              "placeholders" : [
                {
                  "offset" : 127,
                  "length" : 10,
                  "possible_answer" : "int i = 0; i < 8; i++",
                  "placeholder_text" : "/* TODO */"
                },
                {
                  "offset" : 158,
                  "length" : 10,
                  "possible_answer" : "int j = 0; j < 8; j++",
                  "placeholder_text" : "/* TODO */"
                },
                {
                  "offset" : 188,
                  "length" : 10,
                  "possible_answer" : "if ((i + j) % 2 == 0) {\n                    tabla += feher;\n                } else {\n                    tabla += fekete;\n                }",
                  "placeholder_text" : "/* TODO */"
                }
              ],
              "is_visible" : true,
              "text" : "public class Task {\n    public static String sakkTablaRajz(char feher, char fekete) {\n        String tabla = \"\";\n\n        for (/* TODO */) {\n            for (/* TODO */) {\n                /* TODO */\n            }\n            tabla += \"\\n\";\n        }\n\n        return tabla;\n    }\n}"
            },
            "test/Tests.java" : {
              "name" : "test/Tests.java",
              "placeholders" : [ ],
              "is_visible" : false,
              "text" : "import org.junit.jupiter.api.Test;\n\nimport static org.junit.jupiter.api.Assertions.*;\n\npublic class Tests {\n\n    @Test\n    void taskTest() {\n        String zeroOne =\n                \"01010101\\n\" +\n                \"10101010\\n\" +\n                \"01010101\\n\" +\n                \"10101010\\n\" +\n                \"01010101\\n\" +\n                \"10101010\\n\" +\n                \"01010101\\n\" +\n                \"10101010\\n\";\n\n        String spaceLine =\n                \" | | | |\\n\" +\n                \"| | | | \\n\" +\n                \" | | | |\\n\" +\n                \"| | | | \\n\" +\n                \" | | | |\\n\" +\n                \"| | | | \\n\" +\n                \" | | | |\\n\" +\n                \"| | | | \\n\";\n\n        assertEquals(zeroOne, Task.sakkTablaRajz('0', '1'));\n        assertEquals(spaceLine, Task.sakkTablaRajz(' ', '|'));\n\n    }\n\n}"
            }
          },
          "description_text" : "<html>\n\n<h2>Sakktábla</h2>\n\n<p>\n    Egészítsd ki a <code>sakkTablaRajz</code> nevű függvényt!<br><br>\n    A függvény egy üres (azaz bábuk nélküli) sakktáblát állít össze a\n    <code>tabla</code> nevű (<code>String</code> típusú) változó értékeként.<br>\n    A függvény bemeneti paraméterként kapja, hogy milyen karakterrel szeretnénk megjeleníteni\n    a fekete és a fehér mezőket.<br>\n    A függvény a <code>tabla</code> nevű változóval tér vissza, amely tartalmazza a sakktábla\n    rajzát.\n    <br><br>\n    Például ha a fehér mezőt a <strong>'0'</strong> (nulla) karakterrel, a feketét pedig az\n    <strong>'1'</strong> karakterrel jelenítjük meg, akkor a <code>tabla</code> értéke\n    (kirajzolva) a következő:<br>\n    <pre>\n    01010101\n    10101010\n    01010101\n    10101010\n    01010101\n    10101010\n    01010101\n    10101010\n    </pre>\n\n    <strong>Ügyelj arra, hogy a legelső mező <u>fehér</u> színű legyen!</strong><br>\n    (A fenti ábrán látható, hogy a sakktábla bal felső sarkában 0 van, ami a fehér mezőt\n    szimbolizálja.)<br><br>\n    Ügyelj arra is, hogy a sakktábla utolsó sora után szerepel egy teljesen üres sor.\n</p>\n\n<div class=\"hint\">\n    Egy sakktábla egy 8 * 8 mezőből álló tábla (úgymond 8 sor és 8 oszlop van benne).<br>\n    A fehér és a fekete színű mezők váltakozva szerepelnek benne - tehát egymás mellett nem\n    lehet ugyanolyan színű mező.\n</div>\n\n</html>",
          "description_format" : "HTML",
          "feedback_link" : {
            "link_type" : "STEPIK"
          },
          "task_type" : "edu"
        },
        {
          "name" : "gcd",
          "files" : {
            "src/Task.java" : {
              "name" : "src/Task.java",
              "placeholders" : [
                {
                  "offset" : 95,
                  "length" : 10,
                  "possible_answer" : "int nagyobb = Math.max(szam1, szam2);\n\n        for (int i = Math.min(szam1, szam2); i > 2; i--) {\n            if (nagyobb % i == 0) {\n                return i;\n            }\n        }",
                  "placeholder_text" : "/* TODO */"
                },
                {
                  "offset" : 122,
                  "length" : 10,
                  "possible_answer" : "1",
                  "placeholder_text" : "/* TODO */"
                }
              ],
              "is_visible" : true,
              "text" : "public class Task {\n    public static int legnagyobbKozosOszto(int szam1, int szam2) {\n        /* TODO */\n\n        return /* TODO */;\n    }\n}"
            },
            "test/Tests.java" : {
              "name" : "test/Tests.java",
              "placeholders" : [ ],
              "is_visible" : false,
              "text" : "import org.junit.jupiter.api.Test;\n\nimport static org.junit.jupiter.api.Assertions.*;\n\npublic class Tests {\n\n    @Test\n    void taskTest() {\n        assertEquals(6, Task.legnagyobbKozosOszto(30, 18));\n        assertEquals(6, Task.legnagyobbKozosOszto(18, 210));\n        assertEquals(1, Task.legnagyobbKozosOszto(6, 35));\n    }\n\n}"
            }
          },
          "description_text" : "<html>\n\n<h2>Legnagyobb közös osztó</h2>\n\n<p>\n    Valósítsd meg a <code>legnagyobbKozosOszto</code> függvényt!<br><br>\n    A függvény két egész számot kap bemeneti paraméterként (<code>szam1</code> és\n    <code>szam2</code>), amelyeknek megkeresi a legnagyobb közös osztójukat, és visszatér\n    azzal a számmal.\n</p>\n\n<div class=\"hint\">\n    Egy szám osztója az a szám, amellyel a szám maradék nélkül osztható.\n    <i>(Pl. 16 osztója a 4.)</i><br>\n    Két szám közös osztói azok a számok, amelyekkel mindkét szám maradék nélkül osztható.\n    <i>(Pl. 16 és 20 közös osztói: 1, 2, 4.)</i><br>\n    Két szám legnagyobb közös osztója (ezek szerint) a két szám közös osztói közül a\n    legnagyobb. <i>(Pl. 16 és 20 legnagyobb közös osztója 4.)</i>\n</div>\n\n<div class=\"hint\">\n    A feladat többféleképpen is megoldható - ugyebár. Van egy viszonylag kézenfekvő megoldás,\n    azonban annál létezik jobb is. Lásd:\n    <a href=\"https://hu.wikipedia.org/wiki/Euklideszi_algoritmus\">euklideszi algoritmus</a>\n</div>\n\n</html>",
          "description_format" : "HTML",
          "feedback_link" : {
            "link_type" : "STEPIK"
          },
          "task_type" : "edu"
        },
        {
          "name" : "muhaha",
          "files" : {
            "src/Task.java" : {
              "name" : "src/Task.java",
              "placeholders" : [
                {
                  "offset" : 93,
                  "length" : 10,
                  "possible_answer" : "/* A megoldás magyarázata:\n        A prímszám definíciója, ugye: pontosan két osztója van - egy és önmaga.\n        Tehát két prímszámnak (legyenek azok a prímek akármekkorák) nem is lesz más\n        közös osztója, csak az 1. Hihi.\n         */",
                  "placeholder_text" : "/* TODO */"
                },
                {
                  "offset" : 120,
                  "length" : 10,
                  "possible_answer" : "1",
                  "placeholder_text" : "/* TODO */"
                },
                {
                  "offset" : 198,
                  "length" : 10,
                  "possible_answer" : "int talaltSzamlalo = 0;\n        int vizsgalt = Integer.MAX_VALUE;\n        int prim = 0;\n\n        while (talaltSzamlalo < n) {\n            if (prim(vizsgalt)) {\n                talaltSzamlalo++;\n                prim = vizsgalt;\n            }\n            vizsgalt--;\n        }",
                  "placeholder_text" : "/* TODO */"
                },
                {
                  "offset" : 225,
                  "length" : 10,
                  "possible_answer" : "prim",
                  "placeholder_text" : "/* TODO */"
                }
              ],
              "is_visible" : true,
              "text" : "public class Task {\n    public static int legnagyobbPrimekLegnagyobbKozosOsztoja() {\n        /* TODO */\n\n        return /* TODO */;\n    }\n\n    public static int nedikLegnagyobbPrim(int n) {\n        /* TODO */\n\n        return /* TODO */;\n    }\n\n    public static boolean prim(int szam) {\n        for (int i = 2; i <= Math.sqrt(szam); i++) {\n            if (szam % i == 0) {\n                return false;\n            }\n        }\n\n        return (szam >= 2);\n    }\n}"
            },
            "test/Tests.java" : {
              "name" : "test/Tests.java",
              "placeholders" : [ ],
              "is_visible" : false,
              "text" : "import org.junit.jupiter.api.Test;\n\nimport static org.junit.jupiter.api.Assertions.*;\n\npublic class Tests {\n\n    @Test\n    void taskTest() {\n        assertEquals(1, Task.legnagyobbPrimekLegnagyobbKozosOsztoja());\n    }\n\n}"
            }
          },
          "description_text" : "<html>\n\n<h2>Megint legnagyobb közös osztó</h2>\n\n<p>\n    Valósítsd meg a <code>legnagyobbPrimekLegnagyobbKozosOsztoja</code> függvényt!<br><br>\n    Az előző feladathoz hasonlóan a függvény megkeresi két szám legnagyobb közös osztóját -\n    azonban most annak a két legnagyobb prímszámnak a legnagyobb közös osztóját, amelyeket az\n    <code>int</code> típus még tárolni képes.<br><br>\n    A feladat megoldásához esetlegesen szükség lehet az <code>nedikLegnagyobbPrim</code> nevű\n    függvény megvalósítására!<br><br>\n    <i>Segítségképpen a <code>prim</code> függvény használatra készen\n        áll. :)</i>\n</p>\n\n<div class=\"hint\">\n    Gondolkozz! ;)\n</div>\n\n</html>",
          "description_format" : "HTML",
          "feedback_link" : {
            "link_type" : "STEPIK"
          },
          "task_type" : "edu"
        }
      ],
      "type" : "lesson"
    }
  ],
  "additional_files" : [
    {
      "name" : "build.gradle",
      "placeholders" : [ ],
      "is_visible" : true,
      "text" : "buildscript {\n    repositories {\n        mavenCentral()\n    }\n}\n\ndef printOutput(def output) {\n    return tasks.create(\"printOutput\") {\n        println \"#educational_plugin_checker_version 1\"\n        def separator = System.lineSeparator()\n        def lines = output.toString().split(\"(?<=${separator})|(?=${separator})\")\n        for (line in lines) {\n            println \"#educational_plugin\" + line\n        }\n    }\n}\n\nsubprojects {\n    apply plugin: 'application'\n    apply plugin: 'java'\n\n    sourceCompatibility = 1.8\n\n    repositories {\n        mavenCentral()\n    }\n\n    dependencies {\n        testImplementation('org.junit.jupiter:junit-jupiter-api:5.8.0')\n        testImplementation('org.junit.jupiter:junit-jupiter-engine:5.8.0')\n    }\n\n    sourceSets {\n        main {\n            java.srcDir 'src'\n        }\n        test {\n            java.srcDir 'test'\n        }\n    }\n\n    mainClassName = project.hasProperty(\"mainClass\") ? project.getProperty(\"mainClass\") : \"\"\n\n    if (project.hasProperty(\"educationalRun\") && \"true\".equalsIgnoreCase(project.getProperty(\"educationalRun\"))) {\n        def runOutput = new ByteArrayOutputStream()\n        tasks.run.setStandardOutput(runOutput)\n        tasks.run.doLast { printOutput(runOutput) }\n    }\n}\n\nproject(':util') {\n    dependencies {\n        implementation('org.junit.jupiter:junit-jupiter-api:5.8.0')\n        testImplementation('org.junit.jupiter:junit-jupiter-api:5.8.0')\n    }\n}\n\nconfigure(subprojects.findAll { it.name != 'util' }) {\n    dependencies {\n        implementation project(':util').sourceSets.main.output\n        testImplementation project(':util').sourceSets.test.output\n    }\n}\n"
    }
  ],
  "version" : 11
}