{
  "summary" : "Progmatic Java alapok\n- Változók\n- Operátorok\n- Elágazások",
  "title" : "Progmatic Java alapok I.",
  "authors" : [
    "Progmatic"
  ],
  "programming_language" : "JAVA",
  "language" : "hu",
  "course_type" : "PyCharm",
  "items" : [
    {
      "title" : "nyelviAlapok",
      "items" : [
        {
          "title" : "intAlapmuveletek",
          "task_list" : [
            {
              "name" : "osszead",
              "files" : {
                "src/Task.java" : {
                  "name" : "src/Task.java",
                  "placeholders" : [
                    {
                      "offset" : 75,
                      "length" : 10,
                      "possible_answer" : "a + b",
                      "placeholder_text" : "/* TODO */"
                    }
                  ],
                  "is_visible" : true,
                  "text" : "public class Task {\n  public static int osszead(int a, int b) {\n    return /* TODO */;\n  }\n}"
                },
                "test/Tests.java" : {
                  "name" : "test/Tests.java",
                  "placeholders" : [ ],
                  "is_visible" : false,
                  "text" : "import org.junit.jupiter.api.Test;\n\nimport static org.junit.jupiter.api.Assertions.assertEquals;\n\nclass Tests {\n  @Test\n  void testOsszeadas() {\n    assertEquals(2, Task.osszead(1, 1));\n    assertEquals(7, Task.osszead(4, 3));\n  }\n}"
                }
              },
              "description_text" : "<h1> Alap műveletek egész számokkal</h1>\nAdd hozzá <code>a</code> értékéhez <code>b</code> értékét!\n",
              "description_format" : "HTML",
              "feedback_link" : {
                "link_type" : "STEPIK"
              },
              "task_type" : "edu"
            },
            {
              "name" : "kivon",
              "files" : {
                "src/Task.java" : {
                  "name" : "src/Task.java",
                  "placeholders" : [
                    {
                      "offset" : 75,
                      "length" : 10,
                      "possible_answer" : "a - b",
                      "placeholder_text" : "/* TODO */"
                    }
                  ],
                  "is_visible" : true,
                  "text" : "public class Task {\n  public static int kivonas(int a, int b) {\n    return /* TODO */;\n  }\n}"
                },
                "test/Tests.java" : {
                  "name" : "test/Tests.java",
                  "placeholders" : [ ],
                  "is_visible" : false,
                  "text" : "import org.junit.jupiter.api.Test;\n\nimport static org.junit.jupiter.api.Assertions.assertEquals;\n\nclass Tests {\n  @Test\n  void testKivonas() {\n    assertEquals(-10, Task.kivonas(-5, 5));\n    assertEquals(-55, Task.kivonas(-5, 50));\n  }\n}"
                }
              },
              "description_text" : "<h1> Alap műveletek egész számokkal - int típussal</h1>\nVond ki <code>a</code> értékéből <code>b</code> értékét",
              "description_format" : "HTML",
              "feedback_link" : {
                "link_type" : "STEPIK"
              },
              "task_type" : "edu"
            },
            {
              "name" : "szorzas",
              "files" : {
                "src/Task.java" : {
                  "name" : "src/Task.java",
                  "placeholders" : [
                    {
                      "offset" : 75,
                      "length" : 10,
                      "possible_answer" : "a * b",
                      "placeholder_text" : "/* TODO */"
                    }
                  ],
                  "is_visible" : true,
                  "text" : "public class Task {\n  public static int szorzas(int a, int b) {\n    return /* TODO */;\n  }\n}"
                },
                "test/Tests.java" : {
                  "name" : "test/Tests.java",
                  "placeholders" : [ ],
                  "is_visible" : false,
                  "text" : "import org.junit.jupiter.api.Test;\n\nimport static org.junit.jupiter.api.Assertions.assertEquals;\n\nclass Tests {\n  @Test\n  void testSzorzas() {\n    assertEquals(100, Task.szorzas(20, 5));\n    assertEquals(10, Task.szorzas(2, 5));\n  }\n}"
                }
              },
              "description_text" : "<h1>Alap műveletek egész számokkal</h1>\nSzorozd össze <code>a</code> értékét <code>b</code> értékével",
              "description_format" : "HTML",
              "feedback_link" : {
                "link_type" : "STEPIK"
              },
              "task_type" : "edu"
            },
            {
              "name" : "osztas",
              "files" : {
                "src/Task.java" : {
                  "name" : "src/Task.java",
                  "placeholders" : [
                    {
                      "offset" : 74,
                      "length" : 10,
                      "possible_answer" : "a / b",
                      "placeholder_text" : "/* TODO */"
                    }
                  ],
                  "is_visible" : true,
                  "text" : "public class Task {\n  public static int osztas(int a, int b) {\n    return /* TODO */;\n  }\n}"
                },
                "test/Tests.java" : {
                  "name" : "test/Tests.java",
                  "placeholders" : [ ],
                  "is_visible" : false,
                  "text" : "import org.junit.jupiter.api.Test;\n\nimport static org.junit.jupiter.api.Assertions.assertEquals;\n\nclass Tests {\n  @Test\n  void testOsztas() {\n    assertEquals(5, Task.osztas(100, 20));\n    assertEquals(2, Task.osztas(100, 50));\n  }\n}"
                }
              },
              "description_text" : "<h1>Alap műveletek egész számokkal</h1>\nOszd el <code>a</code> értékét <code>b</code> értékével",
              "description_format" : "HTML",
              "feedback_link" : {
                "link_type" : "STEPIK"
              },
              "task_type" : "edu"
            },
            {
              "name" : "maradek",
              "files" : {
                "src/Task.java" : {
                  "name" : "src/Task.java",
                  "placeholders" : [
                    {
                      "offset" : 75,
                      "length" : 10,
                      "possible_answer" : "a % b",
                      "placeholder_text" : "/* TODO */"
                    }
                  ],
                  "is_visible" : true,
                  "text" : "public class Task {\n  public static int maradek(int a, int b) {\n    return /* TODO */;\n  }\n}"
                },
                "test/Tests.java" : {
                  "name" : "test/Tests.java",
                  "placeholders" : [ ],
                  "is_visible" : false,
                  "text" : "import org.junit.jupiter.api.Test;\n\nimport static org.junit.jupiter.api.Assertions.assertEquals;\n\nclass Tests {\n  @Test\n  void testMaradek() {\n    assertEquals(3, Task.maradek(18, 5));\n    assertEquals(1, Task.maradek(3, 2));\n  }\n}"
                }
              },
              "description_text" : "<h1>Alap műveletek egész számokkal</h1>\nSzámold ki, hogy ha <code>a</code> értékét elosztod <code>b</code> értékével, akkor mennyi a maradék",
              "description_format" : "HTML",
              "feedback_link" : {
                "link_type" : "STEPIK"
              },
              "task_type" : "edu"
            },
            {
              "name" : "increment",
              "files" : {
                "src/Task.java" : {
                  "name" : "src/Task.java",
                  "placeholders" : [
                    {
                      "offset" : 70,
                      "length" : 10,
                      "possible_answer" : "++i",
                      "placeholder_text" : "/* TODO */"
                    }
                  ],
                  "is_visible" : true,
                  "text" : "public class Task {\n  public static int increment(int i) {\n    return /* TODO */;\n  }\n}"
                },
                "test/Tests.java" : {
                  "name" : "test/Tests.java",
                  "placeholders" : [ ],
                  "is_visible" : false,
                  "text" : "import org.junit.jupiter.api.Test;\n\nimport static org.junit.jupiter.api.Assertions.assertEquals;\n\nclass Tests {\n  @Test\n  void testIncrement() {\n    assertEquals(3, Task.increment(2));\n    assertEquals(5, Task.increment(4));\n  }\n}"
                }
              },
              "description_text" : "<h1>Alap műveletek egész számokkal</h1>\nNöveld <code>i</code> értékét eggyel",
              "description_format" : "HTML",
              "feedback_link" : {
                "link_type" : "STEPIK"
              },
              "task_type" : "edu"
            },
            {
              "name" : "decrement",
              "files" : {
                "src/Task.java" : {
                  "name" : "src/Task.java",
                  "placeholders" : [
                    {
                      "offset" : 70,
                      "length" : 10,
                      "possible_answer" : "--i",
                      "placeholder_text" : "/* TODO */"
                    }
                  ],
                  "is_visible" : true,
                  "text" : "public class Task {\n  public static int decrement(int i) {\n    return /* TODO */;\n  }\n}"
                },
                "test/Tests.java" : {
                  "name" : "test/Tests.java",
                  "placeholders" : [ ],
                  "is_visible" : false,
                  "text" : "import org.junit.jupiter.api.Test;\n\nimport static org.junit.jupiter.api.Assertions.assertEquals;\n\nclass Tests {\n  @Test\n  void testDecrement() {\n    assertEquals(2, Task.decrement(3));\n    assertEquals(5, Task.decrement(6));\n  }\n}"
                }
              },
              "description_text" : "<h1>Alap műveletek egész számokkal</h1>\nCsökkentsd <code>i</code> értékét eggyel",
              "description_format" : "HTML",
              "feedback_link" : {
                "link_type" : "STEPIK"
              },
              "task_type" : "edu"
            },
            {
              "choiceOptions" : [
                {
                  "text" : "0",
                  "status" : "INCORRECT"
                },
                {
                  "text" : "1",
                  "status" : "CORRECT"
                },
                {
                  "text" : "2",
                  "status" : "INCORRECT"
                }
              ],
              "isMultipleChoice" : false,
              "name" : "in-decrement",
              "files" : {
                "src/Main.java" : {
                  "name" : "src/Main.java",
                  "placeholders" : [ ],
                  "is_visible" : true,
                  "text" : "public class Main {\n   public static void main(String[] args) {\n      int i = 1;\n      int j = i;\n\n      int k = ++i * 2 / (++j + i++);\n   }\n}"
                }
              },
              "description_text" : "<html>\n\n<h1>Alap műveletek egész számokkal</h1>\n\n<p>Olvasd el figyelmesen a kódot!</p>\n<p>Mennyi lesz a <code>k</code> nevű változó értéke?</p>\n\n</html>\n",
              "description_format" : "HTML",
              "feedback_link" : {
                "link_type" : "STEPIK"
              },
              "task_type" : "choice"
            }
          ],
          "type" : "lesson"
        },
        {
          "title" : "egeszSzamokHibai",
          "task_list" : [
            {
              "choiceOptions" : [
                {
                  "text" : "byte b = 0;",
                  "status" : "INCORRECT"
                },
                {
                  "text" : "b += 100;",
                  "status" : "INCORRECT"
                },
                {
                  "text" : "b += 200;",
                  "status" : "CORRECT"
                },
                {
                  "text" : "int i = 0;",
                  "status" : "INCORRECT"
                },
                {
                  "text" : "i += 100;",
                  "status" : "INCORRECT"
                },
                {
                  "text" : "i += 200;",
                  "status" : "INCORRECT"
                },
                {
                  "text" : "i += Integer.MAX_VALUE;",
                  "status" : "CORRECT"
                },
                {
                  "text" : "long l = Long.MAX_VALUE;",
                  "status" : "INCORRECT"
                },
                {
                  "text" : "i = (int) l;",
                  "status" : "CORRECT"
                }
              ],
              "isMultipleChoice" : true,
              "name" : "tulcsordulas",
              "files" : {
                "src/Main.java" : {
                  "name" : "src/Main.java",
                  "placeholders" : [ ],
                  "is_visible" : true,
                  "text" : "public class Main {\n  public static void main(String[] args) {\n    byte b = 0;\n    b += 100;\n    b += 200;\n\n    int i = 0;\n    i += 100;\n    i += 200;\n    i += Integer.MAX_VALUE;\n\n    long l = Long.MAX_VALUE;\n    i = (int) l;\n    System.out.println(\"b: \" + b);\n    System.out.println(\"i: \" + i);\n    System.out.println(\"l: \" + l);\n  }\n}"
                }
              },
              "description_text" : "<h2>Túlcsordulás</h2>\nOlvasd el figyelmesen a kódot, majd jelöld be azokat a sorokat, ahol túlcsordulás történik.",
              "description_format" : "HTML",
              "feedback_link" : {
                "link_type" : "STEPIK"
              },
              "task_type" : "choice"
            },
            {
              "choiceOptions" : [
                {
                  "text" : "i = 4 és d = 4",
                  "status" : "INCORRECT"
                },
                {
                  "text" : "i = 4.5 és d = 4.5",
                  "status" : "INCORRECT"
                },
                {
                  "text" : "i = 4 és d = 4.5",
                  "status" : "CORRECT"
                },
                {
                  "text" : "i = 5 és d = 4.5",
                  "status" : "INCORRECT"
                }
              ],
              "isMultipleChoice" : false,
              "name" : "int",
              "files" : {
                "src/Main.java" : {
                  "name" : "src/Main.java",
                  "placeholders" : [ ],
                  "is_visible" : true,
                  "text" : "public class Main {\n   public static void main(String[] args) {\n      int i = 9 / 2;\n      double d = 9 / 2d;\n   }\n}"
                }
              },
              "description_text" : "<html>\n\n<h1>Egész szám VS törtszám</h1>\n\n<p>Olvasd el figyelmesen a kódot!</p>\n<p>Mennyi lesz az <code>i</code> és a <code>d</code> nevű változók értéke?</p>\n\n<div class=\"hint\">Az egész szám típusok nem foglalkoznak a szám törtrészével,\nés nem kerekítenek - hanem egyszerűen lecsapják azt, ami a tizedespont után\nkövetkezik.</div>\n\n</html>\n",
              "description_format" : "HTML",
              "feedback_link" : {
                "link_type" : "STEPIK"
              },
              "task_type" : "choice"
            }
          ],
          "type" : "lesson"
        }
      ],
      "type" : "section"
    },
    {
      "title" : "vezerlesiSzerkezetek",
      "items" : [
        {
          "title" : "if",
          "task_list" : [
            {
              "name" : "paros",
              "files" : {
                "src/Task.java" : {
                  "name" : "src/Task.java",
                  "placeholders" : [
                    {
                      "offset" : 71,
                      "length" : 10,
                      "possible_answer" : "szam % 2 == 0",
                      "placeholder_text" : "/* TODO */"
                    }
                  ],
                  "is_visible" : true,
                  "text" : "public class Task {\n  public static boolean paros(int szam) {\n      if(/* TODO */) {\n          return true;\n      }\n      return false;\n  }\n}"
                },
                "test/Tests.java" : {
                  "name" : "test/Tests.java",
                  "placeholders" : [ ],
                  "is_visible" : false,
                  "text" : "\nimport org.junit.jupiter.api.Test;\n\nimport static org.junit.jupiter.api.Assertions.*;\n\npublic class Tests {\n\n    @Test\n    void parosEllenorzes() {\n        assertTrue(Task.paros(2));\n        assertFalse(Task.paros(1));\n    }\n\n}"
                }
              },
              "description_text" : "<html>\n\n<h2>If-else, páros</h2>\n\n<p>\n    Írd meg a <strong>paros</strong> függvény if feltételét<br>\n    A függvény <strong>true</strong>-val tér vissza, ha a <code>szam</code> páros, és\n    <strong>false</strong>-szal, ha páratlan.\n</p>\n\n</html>",
              "description_format" : "HTML",
              "feedback_link" : {
                "link_type" : "STEPIK"
              },
              "task_type" : "edu"
            },
            {
              "name" : "pozitiv",
              "files" : {
                "src/Task.java" : {
                  "name" : "src/Task.java",
                  "placeholders" : [
                    {
                      "offset" : 73,
                      "length" : 10,
                      "possible_answer" : "szam > 0",
                      "placeholder_text" : "/* TODO */"
                    },
                    {
                      "offset" : 130,
                      "length" : 10,
                      "possible_answer" : "szam < 0",
                      "placeholder_text" : "/* TODO */"
                    }
                  ],
                  "is_visible" : true,
                  "text" : "public class Task {\n  public static String pozitiv(int szam) {\n      if (/* TODO */) {\n        return \"pozitív\";\n      } else if (/* TODO */) {\n        return \"negatív\";\n      } else {\n          return \"hajjaj\";\n      }\n  }\n}"
                },
                "test/Tests.java" : {
                  "name" : "test/Tests.java",
                  "placeholders" : [ ],
                  "is_visible" : false,
                  "text" : "import org.junit.jupiter.api.Test;\nimport static org.junit.jupiter.api.Assertions.*;\n\npublic class Tests {\n\n  @Test\n  void pozitivNegativTeszt() {\n    assertEquals(\"pozitív\", Task.pozitiv(1));\n    assertEquals(\"negatív\", Task.pozitiv(-1));\n    assertEquals(\"hajjaj\", Task.pozitiv(0));\n  }\n\n}"
                }
              },
              "description_text" : "<html>\n\n<h2>If-else if-else, pozitív</h2>\n\n<p>\n    Egészítsd ki a <strong>pozitiv</strong> függvényt!<br>\n    A függvény a <strong>\"pozitív\"</strong>szöveggel tér vissza, ha a <code>szam</code> pozitív,\n    a <strong>\"negatív\"</strong> szöveggel, ha negatív, minden más esetben pedig azzal,\n    hogy <strong>\"hajjaj\"</strong>.\n</p>\n\n<div class=\"hint\">\n  A nulla ( 0 ) nem pozitív és nem is negatív szám.\n</div>\n\n</html>",
              "description_format" : "HTML",
              "feedback_link" : {
                "link_type" : "STEPIK"
              },
              "task_type" : "edu"
            },
            {
              "name" : "pirosTilos",
              "files" : {
                "src/Task.java" : {
                  "name" : "src/Task.java",
                  "placeholders" : [
                    {
                      "offset" : 156,
                      "length" : 10,
                      "possible_answer" : "lampaSzin.equals(\"zöld\")",
                      "placeholder_text" : "/* TODO */"
                    },
                    {
                      "offset" : 181,
                      "length" : 10,
                      "possible_answer" : "piros",
                      "placeholder_text" : "/* TODO */"
                    },
                    {
                      "offset" : 251,
                      "length" : 10,
                      "possible_answer" : "zold",
                      "placeholder_text" : "/* TODO */"
                    }
                  ],
                  "is_visible" : true,
                  "text" : "public class Task {\n    public static String kozlekedesiLampa(String lampaSzin) {\n        boolean piros = lampaSzin.equals(\"piros\");\n        boolean zold = /* TODO */;\n\n        if (/* TODO */) {\n            return \"A piros tilos!\";\n        } else if (/* TODO */) {\n            return \"Szabad!\";\n        } else {\n            return \"nemtom\";\n        }\n    }\n}"
                },
                "test/Tests.java" : {
                  "name" : "test/Tests.java",
                  "placeholders" : [ ],
                  "is_visible" : false,
                  "text" : "import org.junit.jupiter.api.Test;\n\nimport static org.junit.jupiter.api.Assertions.assertEquals;\n\npublic class Tests {\n\n    @Test\n    void pirosZoldTeszt() {\n        assertEquals(\"A piros tilos!\", Task.kozlekedesiLampa(\"piros\"));\n        assertEquals(\"Szabad!\", Task.kozlekedesiLampa(\"zöld\"));\n        assertEquals(\"nemtom\", Task.kozlekedesiLampa(\"rózsaszín\"));\n    }\n\n}"
                }
              },
              "description_text" : "<html>\n\n<h2>A piros tilos!</h2>\n\n<p>\n    Egészítsd ki a <strong>kozlekedesiLampa</strong> függvényt!<br><br>\n    A függvény bemeneti paraméterként a <code>lampaSzin</code> nevű változót kapja,\n    és egy szöveggel tér vissza:\n    <ul>\n    <li>ha <code>lampaSzin</code> az, hogy <i>piros</i>, akkor <strong>\"A piros tilos!\"</strong> </li>\n    <li>ha <code>lampaSzin</code> az, hogy <i>zöld</i>, akkor <strong>\"Szabad!\"</strong> </li>\n    <li>minden más esetben <strong>\"nemtom\"</strong> </li>\n    </ul>\n</p>\n\n<div class=\"hint\">\n    Szövegek összehasonlítását nem végezhetjük az <code>==</code> operátorral, mert hibás eredményt\n    adhat.<br><br>\n    Szövegek összehasonlítását az <code>equals()</code> függvénnyel végezzük:<br><br>\n    <code>szoveg1.equals(szoveg2)</code>\n</div>\n\n</html>",
              "description_format" : "HTML",
              "feedback_link" : {
                "link_type" : "STEPIK"
              },
              "task_type" : "edu"
            },
            {
              "name" : "nemek",
              "files" : {
                "src/Task.java" : {
                  "name" : "src/Task.java",
                  "placeholders" : [
                    {
                      "offset" : 115,
                      "length" : 10,
                      "possible_answer" : "nem == 0",
                      "placeholder_text" : "/* TODO */"
                    },
                    {
                      "offset" : 182,
                      "length" : 10,
                      "possible_answer" : "nem == 1",
                      "placeholder_text" : "/* TODO */"
                    },
                    {
                      "offset" : 221,
                      "length" : 10,
                      "possible_answer" : "\"Uram\"",
                      "placeholder_text" : "/* TODO */"
                    },
                    {
                      "offset" : 258,
                      "length" : 10,
                      "possible_answer" : "megszolitas += \"Ügyfelünk\"",
                      "placeholder_text" : "/* TODO */"
                    }
                  ],
                  "is_visible" : true,
                  "text" : "public class Task {\n  public static String megszolit(int nem) {\n      String megszolitas = \"Tisztelt \";\n\n      if (/* TODO */) {\n          megszolitas += \"Hölgyem\";\n      } else if (/* TODO */) {\n          megszolitas += /* TODO */;\n      } else {\n          /* TODO */;\n      }\n\n      return megszolitas + \"!\";\n  }\n}"
                },
                "test/Tests.java" : {
                  "name" : "test/Tests.java",
                  "placeholders" : [ ],
                  "is_visible" : false,
                  "text" : "import org.junit.jupiter.api.Test;\n\nimport static org.junit.jupiter.api.Assertions.assertEquals;\n\npublic class Tests {\n\n  @Test\n  void megszolitasTeszt() {\n    assertEquals(\"Tisztelt Hölgyem!\", Task.megszolit(0));\n    assertEquals(\"Tisztelt Uram!\", Task.megszolit(1));\n    assertEquals(\"Tisztelt Ügyfelünk!\", Task.megszolit(2));\n    assertEquals(\"Tisztelt Ügyfelünk!\", Task.megszolit(-1));\n  }\n\n}"
                }
              },
              "description_text" : "<html>\n\n<h2>Megszólítás</h2>\n\n<p>\n    Egészítsd ki a <strong>megszolit</strong> függvényt!<br><br>\n    A függvény bemeneti paraméterként a <code>nem</code> nevű változót kapja, ami egy ember neme,\n    számban kifejezve.<br><i>(0 - nő, 1 - férfi)</i><br><br>\n    A függvény visszatérési értékei:\n<ul>\n    <li>ha <code>nem</code> egyenlő 0-val, akkor <strong>\"Tisztelt Hölgyem!\"</strong> </li>\n    <li>ha <code>nem</code> egyenlő 1-val, akkor <strong>\"Tisztelt Uram!\"</strong> </li>\n    <li>minden más esetben <strong>\"Tisztelt Ügyfelünk!\"</strong> </li>\n</ul>\n</p>\n\n</html>",
              "description_format" : "HTML",
              "feedback_link" : {
                "link_type" : "STEPIK"
              },
              "task_type" : "edu"
            },
            {
              "name" : "evek",
              "files" : {
                "src/Task.java" : {
                  "name" : "src/Task.java",
                  "placeholders" : [
                    {
                      "offset" : 79,
                      "length" : 10,
                      "possible_answer" : "evSzam <= 0",
                      "placeholder_text" : "/* TODO */"
                    },
                    {
                      "offset" : 135,
                      "length" : 10,
                      "possible_answer" : "evSzam <= 2021",
                      "placeholder_text" : "/* TODO */"
                    },
                    {
                      "offset" : 192,
                      "length" : 10,
                      "possible_answer" : "evSzam < 2038",
                      "placeholder_text" : "/* TODO */"
                    }
                  ],
                  "is_visible" : true,
                  "text" : "public class Task {\n  public static String evEllenorzo(int evSzam) {\n      if (/* TODO */) {\n          return \"I.E.\";\n      } else if (/* TODO */) {\n          return \"I.SZ.\";\n      } else if (/* TODO */) {\n          return \"JÖVŐ\";\n      } else {\n          return \"N/A\";\n      }\n  }\n}"
                },
                "test/Tests.java" : {
                  "name" : "test/Tests.java",
                  "placeholders" : [ ],
                  "is_visible" : false,
                  "text" : "import org.junit.jupiter.api.Test;\n\nimport static org.junit.jupiter.api.Assertions.assertEquals;\n\npublic class Tests {\n\n    @Test\n    void evEllenorzes() {\n        assertEquals(\"I.E.\", Task.evEllenorzo(0));\n        assertEquals(\"I.E.\", Task.evEllenorzo(-1));\n        assertEquals(\"I.SZ.\", Task.evEllenorzo(1));\n        assertEquals(\"I.SZ.\", Task.evEllenorzo(2021));\n        assertEquals(\"JÖVŐ\", Task.evEllenorzo(2022));\n        assertEquals(\"JÖVŐ\", Task.evEllenorzo(2037));\n        assertEquals(\"N/A\", Task.evEllenorzo(2038));\n    }\n\n}"
                }
              },
              "description_text" : "<html>\n\n<h2>Évek, időszámítás</h2>\n\n<p>\n    Egészítsd ki az <strong>evEllenorzo</strong> függvényt!<br><br>\n    A függvény bemeneti paraméterként az <code>evSzam</code> nevű változót kapja,\n    ami egy évszám - vagy sem. A függvény megállapítja, hogy ez az év valóságos-e vagy sem,\n    méghozzá a következő feltételek szerint:\n<ul>\n    <li>ha <code>evSzam</code> kisebb vagy egyenlő 0-val, akkor a függvény visszatérési szövege:\n        <strong>\"I.E.\"</strong> </li>\n    <li>ha <code>evSzam</code> nagyobb 0-nál és kisebb vagy egyenlő az idei évszámmal (2021),\n        akkor a függvény visszatérési szövege: <strong>\"I.SZ.\"</strong> </li>\n    <li>ha <code>evSzam</code> nagyobb 2021-nél és kisebb 2038-nál,\n        akkor a függvény visszatérési szövege: <strong>\"JÖVŐ\"</strong> </li>\n    <li>minden más esetben a függvény visszatérési szövege: <strong>\"N/A\"</strong> </li>\n\n</ul>\n</p>\n\n</html>",
              "description_format" : "HTML",
              "feedback_link" : {
                "link_type" : "STEPIK"
              },
              "task_type" : "edu"
            },
            {
              "name" : "parosEgySorban",
              "files" : {
                "src/Task.java" : {
                  "name" : "src/Task.java",
                  "placeholders" : [
                    {
                      "offset" : 79,
                      "length" : 10,
                      "possible_answer" : "(szam % 2 == 0)",
                      "placeholder_text" : "/* TODO */"
                    }
                  ],
                  "is_visible" : true,
                  "text" : "public class Task {\n    public static boolean paros(int szam) {\n        return /* TODO */;\n    }\n}"
                },
                "test/Tests.java" : {
                  "name" : "test/Tests.java",
                  "placeholders" : [ ],
                  "is_visible" : false,
                  "text" : "\nimport org.junit.jupiter.api.Test;\n\nimport static org.junit.jupiter.api.Assertions.assertFalse;\nimport static org.junit.jupiter.api.Assertions.assertTrue;\n\npublic class Tests {\n\n    @Test\n    void parosEllenorzes() {\n        assertTrue(Task.paros(2));\n        assertFalse(Task.paros(1));\n    }\n\n}"
                }
              },
              "description_text" : "<html>\n\n<h2>If-else, páros</h2>\n\n<p>\n    Írd meg a <strong>paros</strong> függvény visszatérési értékét egy sorban!<br>\n    A függvény <strong>true</strong>-val tér vissza, ha a <code>szam</code> páros, és\n    <strong>false</strong>-szal, ha páratlan.\n</p>\n\n<div class=\"hint\">\n    If-else utasítással a függvény így nézne ki:<br>\n\n    <pre>\n        if(szam % 2 == 0) {\n          return true;\n        } else {\n          return false;\n        }</pre>\n\n    Az <code>if</code> feltétele azonban használható a függvény visszatérési értékeként.\n</div>\n\n\n</html>",
              "description_format" : "HTML",
              "feedback_link" : {
                "link_type" : "STEPIK"
              },
              "task_type" : "edu"
            },
            {
              "name" : "korhatar",
              "files" : {
                "src/Task.java" : {
                  "name" : "src/Task.java",
                  "placeholders" : [
                    {
                      "offset" : 87,
                      "length" : 10,
                      "possible_answer" : "kor >= 18",
                      "placeholder_text" : "/* TODO */"
                    },
                    {
                      "offset" : 101,
                      "length" : 10,
                      "possible_answer" : "kor <= 99",
                      "placeholder_text" : "/* TODO */"
                    }
                  ],
                  "is_visible" : true,
                  "text" : "public class Task {\n    public static String korhatarEllenorzes(int kor) {\n        if (/* TODO */ && /* TODO */) {\n            return \"ok\";\n        }\n        return \"error\";\n    }\n}"
                },
                "test/Tests.java" : {
                  "name" : "test/Tests.java",
                  "placeholders" : [ ],
                  "is_visible" : false,
                  "text" : "import org.junit.jupiter.api.Test;\n\nimport static org.junit.jupiter.api.Assertions.assertEquals;\n\npublic class Tests {\n\n    @Test\n    void korEllenorzesTeszt() {\n        assertEquals(\"ok\", Task.korhatarEllenorzes(18));\n        assertEquals(\"ok\", Task.korhatarEllenorzes(19));\n        assertEquals(\"ok\", Task.korhatarEllenorzes(99));\n        assertEquals(\"error\", Task.korhatarEllenorzes(-1));\n        assertEquals(\"error\", Task.korhatarEllenorzes(17));\n        assertEquals(\"error\", Task.korhatarEllenorzes(100));\n    }\n\n}"
                }
              },
              "description_text" : "<html>\n\n<h2>Kiskorú, nagykorú</h2>\n\n<p>\n    Egészítsd ki a  <strong>korhatarEllenorzes</strong> függvényt!<br>\n    A függvény ellenőrzi a <code>kor</code> paraméter értékét,\n    és egy szöveggel tér vissza a következők szerint:\n    <ul>\n    <li>ha <code>kor</code> értéke nagyobb/egyenlő 18-cal és kisebb/egyenlő 99-cel,\n    akkor visszatér azzal, hogy <strong>\"ok\"</strong></li>\n    <li>minden más esetben azzal, hogy <strong>\"error\"</strong></li>\n    </ul>\n</p>\n\n</html>",
              "description_format" : "HTML",
              "feedback_link" : {
                "link_type" : "STEPIK"
              },
              "task_type" : "edu"
            },
            {
              "name" : "szokoev",
              "files" : {
                "src/Task.java" : {
                  "name" : "src/Task.java",
                  "placeholders" : [
                    {
                      "offset" : 73,
                      "length" : 10,
                      "possible_answer" : "if (ev >= 1582) {\n            if (ev % 400 == 0) {\n                return true;\n            } else {\n                return (ev % 100 != 0 && ev % 4 == 0);\n            }\n        }\n        return false;",
                      "placeholder_text" : "/* TODO */"
                    }
                  ],
                  "is_visible" : true,
                  "text" : "public class Task {\n\n    public static boolean szokoev(int ev) {\n        /* TODO */\n    }\n\n}"
                },
                "test/Tests.java" : {
                  "name" : "test/Tests.java",
                  "placeholders" : [ ],
                  "is_visible" : false,
                  "text" : "import org.junit.jupiter.api.Test;\n\nimport static org.junit.jupiter.api.Assertions.assertTrue;\nimport static org.junit.jupiter.api.Assertions.assertFalse;\n\npublic class Tests {\n\n    @Test\n    void szokoevTeszt() {\n        assertFalse(Task.szokoev(1200));\n        assertFalse(Task.szokoev(1580));\n        assertFalse(Task.szokoev(1582));\n        assertFalse(Task.szokoev(1800));\n\n        assertTrue(Task.szokoev(1584));\n        assertTrue(Task.szokoev(1600));\n        assertTrue(Task.szokoev(2024));\n    }\n\n}"
                }
              },
              "description_text" : "<html>\n\n<h2>Szökőév</h2>\n\n<p>\n    Valósítsd meg a <strong>szokoev</strong> nevű függvényt!<br>\n    A függvény bemeneti paraméterként kapja az <code>ev</code> nevű számot (az évet),\n    amelyről meghatározza, hogy az szökőév-e vagy sem.<br><br>\n    <strong>Szökőév</strong><br>\n<ul>\n    <li>minden olyan év, amely osztható 4-gyel, de nem osztható 100-zal</li>\n    <li><strong>de</strong> a 100-zal osztható évek közül azok szökőévek,\n        amelyek 400-zal oszthatóak</li>\n    <li>a szökőévet 1582-ben vezették be - így az ennél korábbi évek nem lehetnek szökőévek</li>\n</ul>\n</p>\n\n<div class=\"hint\">\n    <a href=\"https://hu.wikipedia.org/wiki/Sz%C3%B6k%C5%91%C3%A9v\">Wikipédia leírás</a>\n</div>\n\n</html>",
              "description_format" : "HTML",
              "feedback_link" : {
                "link_type" : "STEPIK"
              },
              "task_type" : "edu"
            }
          ],
          "type" : "lesson"
        },
        {
          "title" : "switch",
          "task_list" : [
            {
              "name" : "pirosTilos",
              "files" : {
                "src/Task.java" : {
                  "name" : "src/Task.java",
                  "placeholders" : [
                    {
                      "offset" : 122,
                      "length" : 10,
                      "possible_answer" : "lampaSzin",
                      "placeholder_text" : "/* TODO */"
                    },
                    {
                      "offset" : 221,
                      "length" : 10,
                      "possible_answer" : "break",
                      "placeholder_text" : "/* TODO */"
                    },
                    {
                      "offset" : 310,
                      "length" : 10,
                      "possible_answer" : "break",
                      "placeholder_text" : "/* TODO */"
                    },
                    {
                      "offset" : 334,
                      "length" : 10,
                      "possible_answer" : "default",
                      "placeholder_text" : "/* TODO */"
                    }
                  ],
                  "is_visible" : true,
                  "text" : "public class Task {\n    public static String kozlekedesiLampa(String lampaSzin) {\n        String valasz;\n\n        switch (/* TODO */) {\n            case \"piros\":\n                valasz = \"A piros tilos!\";\n                /* TODO */;\n            case \"zöld\":\n                valasz = \"Szabad!\";\n                /* TODO */;\n            /* TODO */:\n                valasz = \"nemtom\";\n        }\n\n        return valasz;\n    }\n}"
                },
                "test/Tests.java" : {
                  "name" : "test/Tests.java",
                  "placeholders" : [ ],
                  "is_visible" : false,
                  "text" : "import org.junit.jupiter.api.Test;\n\nimport static org.junit.jupiter.api.Assertions.assertEquals;\n\npublic class Tests {\n\n  @Test\n  void pirosZoldTeszt() {\n    assertEquals(\"A piros tilos!\", Task.kozlekedesiLampa(\"piros\"));\n    assertEquals(\"Szabad!\", Task.kozlekedesiLampa(\"zöld\"));\n    assertEquals(\"nemtom\", Task.kozlekedesiLampa(\"rózsaszín\"));\n  }\n\n}"
                }
              },
              "description_text" : "<html>\n\n<h2>A piros tilos!</h2>\n\n<p>\n    Egészítsd ki a <strong>kozlekedesiLampa</strong> függvényt\n    <code>if-else</code> helyett <code>switch</code> megoldással!<br><br>\n    A függvény bemeneti paraméterként a <code>lampaSzin</code> nevű változót kapja,\n    és egy szöveggel tér vissza:\n<ul>\n    <li>ha <code>lampaSzin</code> az, hogy <i>piros</i>, akkor <strong>\"A piros tilos!\"</strong> </li>\n    <li>ha <code>lampaSzin</code> az, hogy <i>zöld</i>, akkor <strong>\"Szabad!\"</strong> </li>\n    <li>minden más esetben <strong>\"nemtom\"</strong> </li>\n</ul>\n</p>\n\n</html>",
              "description_format" : "HTML",
              "feedback_link" : {
                "link_type" : "STEPIK"
              },
              "task_type" : "edu"
            },
            {
              "name" : "evszakok",
              "files" : {
                "src/Task.java" : {
                  "name" : "src/Task.java",
                  "placeholders" : [
                    {
                      "offset" : 84,
                      "length" : 10,
                      "possible_answer" : "honap",
                      "placeholder_text" : "/* TODO */"
                    },
                    {
                      "offset" : 310,
                      "length" : 10,
                      "possible_answer" : "return \"tavasz\"",
                      "placeholder_text" : "/* TODO */"
                    },
                    {
                      "offset" : 334,
                      "length" : 10,
                      "possible_answer" : "case \"június\":\n            case \"július\":\n            case \"augusztus\":",
                      "placeholder_text" : "/* TODO */"
                    },
                    {
                      "offset" : 388,
                      "length" : 10,
                      "possible_answer" : "case \"szeptember\":\n            case \"október\":\n            case \"november\":\n                return \"ősz\";",
                      "placeholder_text" : "/* TODO */"
                    },
                    {
                      "offset" : 411,
                      "length" : 10,
                      "possible_answer" : "default",
                      "placeholder_text" : "/* TODO */"
                    }
                  ],
                  "is_visible" : true,
                  "text" : "public class Task {\n    public static String evszak(String honap) {\n        switch (/* TODO */) {\n            case \"december\":\n            case \"január\":\n            case \"február\":\n                return \"tél\";\n            case \"március\":\n            case \"április\":\n            case \"május\":\n                /* TODO */;\n            /* TODO */\n                return \"nyár\";\n            /* TODO */\n            /* TODO */:\n                return \"error\";\n        }\n    }\n}"
                },
                "test/Tests.java" : {
                  "name" : "test/Tests.java",
                  "placeholders" : [ ],
                  "is_visible" : false,
                  "text" : "import org.junit.jupiter.api.Test;\n\nimport static org.junit.jupiter.api.Assertions.assertEquals;\n\npublic class Tests {\n\n  @Test\n  void evszakTeszt() {\n    assertEquals(\"tavasz\", Task.evszak(\"április\"));\n    assertEquals(\"nyár\", Task.evszak(\"augusztus\"));\n    assertEquals(\"ősz\", Task.evszak(\"szeptember\"));\n    assertEquals(\"tél\", Task.evszak(\"december\"));\n    assertEquals(\"error\", Task.evszak(\"rózsaszín\"));\n  }\n\n}"
                }
              },
              "description_text" : "<html>\n\n<h2>Évszakok</h2>\n\n<p>\n    Egészítsd ki az <strong>evszak</strong> függvényt!<br><br>\n    A függvény bemeneti paraméterként a <code>honap</code> nevű változót kapja,\n    és visszatér azzal, hogy az a hónap melyik évszakhoz tartozik!<br>\n    Ha esetleg a <code>honap</code> nem egy hónap neve lenne, akkor a függvény azzal a\n    szöveggel tér vissza, hogy <strong>\"error\"</strong> - máskülönben az évszak nevével\n    (végig kisbetűvel, így: tavasz / nyár / ősz / tél).\n</p>\n\n</html>",
              "description_format" : "HTML",
              "feedback_link" : {
                "link_type" : "STEPIK"
              },
              "task_type" : "edu"
            },
            {
              "choiceOptions" : [
                {
                  "text" : "A",
                  "status" : "INCORRECT"
                },
                {
                  "text" : "AD",
                  "status" : "INCORRECT"
                },
                {
                  "text" : "ABCD",
                  "status" : "CORRECT"
                }
              ],
              "isMultipleChoice" : false,
              "name" : "breakNelkul",
              "files" : {
                "src/Main.java" : {
                  "name" : "src/Main.java",
                  "placeholders" : [ ],
                  "is_visible" : true,
                  "text" : "public class Main {\n   public static void main(String[] args) {\n      int x = 0;\n\n      String eredmeny = \"\";\n\n      switch (x) {\n         case 0:\n            eredmeny += \"A\";\n         case 1:\n            eredmeny += \"B\";\n         case 2:\n            eredmeny += \"C\";\n         default:\n            eredmeny += \"D\";\n      }\n   }\n}"
                }
              },
              "description_text" : "<html>\n\n<h2>Switch probléma</h2>\n\n<p>\n    Olvasd el figyelmesen a kódot!<br><br>\n    Mi lesz az <code>eredmeny</code> nevű változó értéke?<br>\n    (Mondd el magadnak, hogy miért!)\n</p>\n\n</html>",
              "description_format" : "HTML",
              "feedback_link" : {
                "link_type" : "STEPIK"
              },
              "task_type" : "choice"
            }
          ],
          "type" : "lesson"
        }
      ],
      "type" : "section"
    }
  ],
  "additional_files" : [
    {
      "name" : "build.gradle",
      "placeholders" : [ ],
      "is_visible" : true,
      "text" : "buildscript {\n    repositories {\n        mavenCentral()\n    }\n}\n\ndef printOutput(def output) {\n    return tasks.create(\"printOutput\") {\n        println \"#educational_plugin_checker_version 1\"\n        def separator = System.lineSeparator()\n        def lines = output.toString().split(\"(?<=${separator})|(?=${separator})\")\n        for (line in lines) {\n            println \"#educational_plugin\" + line\n        }\n    }\n}\n\nsubprojects {\n    apply plugin: 'application'\n    apply plugin: 'java'\n\n    sourceCompatibility = 11\n\n    repositories {\n        mavenCentral()\n    }\n\n    dependencies {\n        testImplementation('org.junit.jupiter:junit-jupiter-api:5.8.0')\n        testImplementation('org.junit.jupiter:junit-jupiter-engine:5.8.0')\n    }\n\n    tasks.named('test') {\n\n        useJUnitPlatform()\n    }\n\n    sourceSets {\n        main {\n            java.srcDir 'src'\n        }\n        test {\n            java.srcDir 'test'\n        }\n    }\n\n    mainClassName = project.hasProperty(\"mainClass\") ? project.getProperty(\"mainClass\") : \"\"\n\n    if (project.hasProperty(\"educationalRun\") && \"true\".equalsIgnoreCase(project.getProperty(\"educationalRun\"))) {\n        def runOutput = new ByteArrayOutputStream()\n        tasks.run.setStandardOutput(runOutput)\n        tasks.run.doLast { printOutput(runOutput) }\n    }\n}\n\nproject(':util') {\n    dependencies {\n        implementation('org.junit.jupiter:junit-jupiter-api:5.8.0')\n        testImplementation('org.junit.jupiter:junit-jupiter-api:5.8.0')\n    }\n}\n\nconfigure(subprojects.findAll { it.name != 'util' }) {\n    dependencies {\n        implementation project(':util').sourceSets.main.output\n        testImplementation project(':util').sourceSets.test.output\n    }\n}\n"
    }
  ],
  "version" : 11
}